X1,Y1
0.0,-100.0
0.0,-100.0
-0.011064192984328909,-100.00895404538431
-0.033192578952986725,-100.02686213615294
-0.06638515790597346,-100.05372427230589
-0.1106419298432891,-100.08954045384314
-0.16596289476493364,-100.1343106807647
-0.23234805267090708,-100.18803495307057
-0.30979740356120944,-100.25071327076076
-0.3983109474358407,-100.32234563383525
-0.49788868429480093,-100.40293204229407
-0.6085306141380901,-100.4924724961372
-0.7302367369657081,-100.59096699536464
-0.863007052777655,-100.6984155399764
-1.0068415615739308,-100.81481812997247
-1.1617402633545355,-100.94017476535285
-1.3277031581194692,-101.07448544611754
-1.5047302458687317,-101.21775017226653
-1.6928215266023232,-101.36996894379985
-1.8919770003202436,-101.53114176071747
-2.102196667022493,-101.70126862301942
-2.323480526709071,-101.88034953070567
-2.555828579379978,-102.06838448377624
-2.799240825035214,-102.26537348223113
-3.053717263674779,-102.47131652607032
-3.319257895298673,-102.68621361529384
-3.5958627199068953,-102.91006474990165
-3.883531737499447,-103.14286992989378
-4.182264948076328,-103.38462915527022
-4.492062351637537,-103.63534242603097
-4.812923948183075,-103.89500974217604
-5.144849737712942,-104.16363110370543
-5.4878397202271385,-104.44120651061912
-5.841893895725663,-104.72773596291714
-6.207012264208517,-105.02321946059946
-6.5831948256757,-105.32765700366609
-6.970441580127211,-105.64104859211703
-7.368752527563052,-105.96339422595229
-7.778127667983221,-106.29469390517185
-8.198567001387719,-106.63494762977574
-8.630070527776546,-106.98415539976394
-9.072638247149703,-107.34231721513645
-9.526270159507188,-107.70943307589327
-9.990966264849002,-108.08550298203441
-10.466726563175145,-108.47052693355987
-10.953551054485617,-108.86450493046962
-11.451439738780417,-109.26743697276369
-11.960392616059547,-109.67932306044207
-12.480409686323005,-110.10016319350477
-13.011490949570792,-110.52995737195178
-13.553636405802909,-110.9687055957831
-14.106846055019354,-111.41640786499875
-14.671119897220127,-111.8730641795987
-15.24645793240523,-112.33867453958297
-15.832860160574661,-112.81323894495154
-16.430326581728423,-113.29675739570442
-17.038857195866512,-113.78922989184161
-17.65845200298893,-114.29065643336313
-18.289111003095677,-114.80103702026895
-18.930834196186755,-115.32037165255909
-19.58362158226216,-115.84866033023354
-20.247473161321896,-116.38590305329231
-20.92238893336596,-116.93209982173539
-21.60836889839435,-117.48725063556279
-22.305413056407073,-118.05135549477448
-23.013521407404124,-118.6244143993705
-23.732693951385503,-119.20642734935082
-24.46293068835121,-119.79739434471546
-25.204231618301247,-120.39731538546441
-25.956596741235614,-121.00619047159768
-26.72002605715431,-121.62401960311526
-27.494519566057335,-122.25080278001715
-28.280077267944687,-122.88654000230336
-29.076699162816368,-123.53123126997387
-29.88438525067238,-124.1848765830287
-30.70313553151272,-124.84747594146783
-31.53295000533739,-125.51902934529129
-32.36276447916206,-126.19058274911474
-33.19257895298673,-126.86213615293819
-34.0223934268114,-127.53368955676164
-34.85220790063607,-128.2052429605851
-35.682022374460736,-128.87679636440856
-36.511836848285405,-129.54834976823201
-37.341651322110074,-130.21990317205547
-38.17146579593474,-130.89145657587892
-39.00128026975941,-131.56300997970237
-39.83109474358408,-132.23456338352582
-40.66090921740875,-132.90611678734928
-41.49072369123342,-133.57767019117273
-42.32053816505809,-134.24922359499618
-43.15035263888276,-134.92077699881963
-43.98016711270743,-135.59233040264309
-44.809981586532096,-136.26388380646654
-45.639796060356765,-136.93543721029
-46.469610534181435,-137.60699061411344
-47.299425008006104,-138.2785440179369
-48.12923948183077,-138.95009742176035
-48.95905395565544,-139.6216508255838
-49.78886842948011,-140.29320422940725
-50.61868290330478,-140.9647576332307
-51.44849737712945,-141.63631103705416
-52.27831185095412,-142.3078644408776
-53.10812632477879,-142.97941784470106
-53.93794079860346,-143.6509712485245
-54.767755272428126,-144.32252465234797
-55.597569746252795,-144.99407805617142
-56.427384220077464,-145.66563145999487
-57.25719869390213,-146.33718486381832
-58.0870131677268,-147.00873826764177
-58.91682764155147,-147.68029167146523
-59.74664211537614,-148.35184507528868
-60.57645658920081,-149.02339847911213
-61.40627106302548,-149.69495188293558
-62.23608553685015,-150.36650528675904
-63.06590001067482,-151.0380586905825
-63.895714484499486,-151.70961209440594
-64.72552895832415,-152.3811654982294
-65.55534343214882,-153.05271890205285
-66.38515790597349,-153.7242723058763
-67.21497237979816,-154.39582570969975
-68.04478685362282,-155.0673791135232
-68.8746013274475,-155.73893251734665
-69.70441580127216,-156.4104859211701
-70.53423027509683,-157.08203932499356
-71.3640447489215,-157.753592728817
-72.19385922274617,-158.42514613264046
-73.02367369657084,-159.09669953646392
-73.85348817039551,-159.76825294028737
-74.68330264422018,-160.43980634411082
-75.51311711804485,-161.11135974793427
-76.34293159186952,-161.78291315175773
-77.17274606569418,-162.45446655558118
-78.00256053951885,-163.12601995940463
-78.83237501334352,-163.79757336322808
-79.66218948716819,-164.46912676705153
-80.49200396099286,-165.140680170875
-81.32181843481753,-165.81223357469844
-82.1516329086422,-166.4837869785219
-82.98144738246687,-167.15534038234534
-83.81126185629154,-167.8268937861688
-84.6410763301162,-168.49844718999225
-85.47089080394088,-169.1700005938157
-86.30070527776554,-169.84155399763915
-87.13051975159021,-170.5131074014626
-87.96033422541488,-171.18466080528606
-88.79014869923955,-171.8562142091095
-89.61996317306422,-172.52776761293296
-90.44977764688889,-173.19932101675641
-91.27959212071356,-173.87087442057987
-92.10940659453823,-174.54242782440332
-92.9392210683629,-175.21398122822677
-93.76903554218757,-175.88553463205022
-94.59885001601224,-176.55708803587368
-95.4286644898369,-177.22864143969713
-96.25847896366157,-177.90019484352058
-97.08829343748624,-178.57174824734403
-97.91810791131091,-179.24330165116749
-98.74792238513558,-179.91485505499094
-99.57773685896025,-180.5864084588144
-100.40755133278492,-181.25796186263784
-101.23736580660959,-181.9295152664613
-102.06718028043426,-182.60106867028475
-102.89699475425893,-183.2726220741082
-103.7268092280836,-183.94417547793165
-104.55662370190826,-184.6157288817551
-105.38643817573293,-185.28728228557856
-106.2162526495576,-185.958835689402
-107.04606712338227,-186.63038909322546
-107.87588159720694,-187.3019424970489
-108.70569607103161,-187.97349590087236
-109.53551054485628,-188.64504930469582
-110.36532501868095,-189.31660270851927
-111.19513949250562,-189.98815611234272
-112.02495396633029,-190.65970951616617
-112.85476844015496,-191.33126291998963
-113.68458291397963,-192.00281632381308
-114.5143973878043,-192.67436972763653
-115.34421186162896,-193.34592313145998
-116.17402633545363,-194.01747653528344
-117.0038408092783,-194.6890299391069
-117.83365528310297,-195.36058334293034
-118.66346975692764,-196.0321367467538
-119.49328423075231,-196.70369015057724
-120.32309870457698,-197.3752435544007
-121.15291317840165,-198.04679695822415
-121.98272765222632,-198.7183503620476
-122.81254212605099,-199.38990376587105
-123.64235659987565,-200.0614571696945
-124.47217107370032,-200.73301057351796
-125.30198554752499,-201.4045639773414
-126.13180002134966,-202.07611738116486
-126.96161449517433,-202.74767078498832
-127.791428968999,-203.41922418881177
-128.62124344282367,-204.09077759263522
-129.45105791664832,-204.76233099645867
-130.28087239047298,-205.43388440028212
-131.11068686429763,-206.10543780410558
-131.9405013381223,-206.77699120792903
-132.77031581194694,-207.44854461175248
-133.6001302857716,-208.12009801557593
-134.42994475959625,-208.7916514193994
-135.2597592334209,-209.46320482322284
-136.08957370724556,-210.1347582270463
-136.91938818107022,-210.80631163086974
-137.74920265489487,-211.4778650346932
-138.57901712871953,-212.14941843851665
-139.40883160254418,-212.8209718423401
-140.23864607636884,-213.49252524616355
-141.0684605501935,-214.164078649987
-141.89827502401815,-214.83563205381046
-142.7280894978428,-215.5071854576339
-143.55790397166746,-216.17873886145736
-144.3877184454921,-216.8502922652808
-145.21753291931677,-217.52184566910427
-146.03195093754067,-218.17314884627007
-146.8309725001638,-218.80420179677824
-147.61459760718617,-219.41500452062877
-148.38282625860776,-220.00555701782164
-149.1356584544286,-220.57585928835687
-149.87309419464867,-221.12591133223444
-150.59513347926796,-221.65571314945439
-151.3017763082865,-222.16526474001668
-151.99302268170425,-222.65456610392133
-152.66887259952125,-223.12361724116832
-153.32932606173748,-223.57241815175766
-153.97438306835292,-224.00096883568938
-154.60404361936762,-224.40926929296344
-155.21830771478153,-224.79731952357986
-155.8171753545947,-225.16511952753862
-156.40064653880708,-225.51266930483976
-156.9687212674187,-225.83996885548325
-157.52139954042954,-226.1470181794691
-158.05868135783962,-226.43381727679727
-158.58056671964894,-226.7003661474678
-159.0870556258575,-226.9466647914807
-159.57814807646528,-227.17271320883597
-160.0538440714723,-227.37851139953358
-160.51414361087853,-227.56405936357353
-160.95904669468402,-227.72935710095584
-161.38855332288873,-227.87440461168052
-161.80266349549268,-227.99920189574755
-162.20137721249586,-228.10374895315692
-162.58469447389825,-228.18804578390865
-162.9526152796999,-228.25209238800275
-163.30513962990076,-228.2958887654392
-163.64226752450088,-228.319434916218
-163.96399896350022,-228.32273084033915
-164.27033394689877,-228.30577653780264
-164.56127247469658,-228.26857200860852
-164.8368145468936,-228.21111725275674
-165.09696016348988,-228.1334122702473
-165.34170932448538,-228.03545706108022
-165.5710620298801,-227.9172516252555
-165.78501827967406,-227.77879596277313
-165.98357807386725,-227.62009007363312
-166.1667414124597,-227.44113395783546
-166.33450829545134,-227.24192761538015
-166.48687872284225,-227.0224710462672
-166.62385269463238,-226.78276425049663
-166.74543021082172,-226.5228072280684
-166.85161127141032,-226.2425999789825
-166.94239587639814,-225.94214250323895
-167.0177840257852,-225.6214348008378
-167.0777757195715,-225.28047687177897
-167.122370957757,-224.9192687160625
-167.15156974034176,-224.53781033368838
-167.16537206732573,-224.13610172465664
-167.16377793870896,-223.71414288896725
-167.1467873544914,-223.2719338266202
-167.11440031467308,-222.8094745376155
-167.066616819254,-222.32676502195315
-167.00343686823413,-221.82380527963318
-166.92486046161352,-221.30059531065555
-166.83088759939213,-220.75713511502028
-166.72151828156996,-220.19342469272735
-166.59675250814703,-219.60946404377677
-166.45659027912333,-219.00525316816857
-166.30103159449888,-218.3807920659027
-166.13007645427365,-217.7360807369792
-165.94372485844767,-217.07111918139805
-165.7419768070209,-216.38590739915927
-165.52483229999336,-215.68044539026283
-165.29229133736507,-214.95473315470875
-165.044353919136,-214.208770692497
-164.78102004530618,-213.44255800362762
-164.50228971587558,-212.6560950881006
-164.2081629308442,-211.84938194591595
-163.89863969021206,-211.02241857707364
-163.57371999397915,-210.17520498157367
-163.2334038421455,-209.30774115941605
-162.89308769031183,-208.44027733725844
-162.55277153847817,-207.57281351510082
-162.2124553866445,-206.7053496929432
-161.87213923481085,-205.83788587078558
-161.53182308297718,-204.97042204862797
-161.19150693114352,-204.10295822647035
-160.85119077930986,-203.23549440431273
-160.5108746274762,-202.36803058215511
-160.17055847564254,-201.5005667599975
-159.83024232380887,-200.63310293783988
-159.4899261719752,-199.76563911568226
-159.14961002014155,-198.89817529352464
-158.8092938683079,-198.03071147136703
-158.46897771647423,-197.1632476492094
-158.12866156464057,-196.2957838270518
-157.7883454128069,-195.42832000489418
-157.44802926097324,-194.56085618273656
-157.10771310913958,-193.69339236057894
-156.76739695730592,-192.82592853842132
-156.42708080547226,-191.9584647162637
-156.0867646536386,-191.0910008941061
-155.74644850180493,-190.22353707194847
-155.40613234997127,-189.35607324979085
-155.0658161981376,-188.48860942763324
-154.72550004630395,-187.62114560547562
-154.3851838944703,-186.753681783318
-154.04486774263663,-185.88621796116038
-153.70455159080296,-185.01875413900277
-153.3642354389693,-184.15129031684515
-153.02391928713564,-183.28382649468753
-152.68360313530198,-182.4163626725299
-152.34328698346832,-181.5488988503723
-152.00297083163466,-180.68143502821468
-151.662654679801,-179.81397120605706
-151.32233852796733,-178.94650738389944
-150.98202237613367,-178.07904356174183
-150.6417062243,-177.2115797395842
-150.30139007246635,-176.3441159174266
-149.96107392063269,-175.47665209526897
-149.62075776879902,-174.60918827311136
-149.28044161696536,-173.74172445095374
-148.9401254651317,-172.87426062879612
-148.59980931329804,-172.0067968066385
-148.25949316146438,-171.1393329844809
-147.91917700963072,-170.27186916232327
-147.57886085779705,-169.40440534016565
-147.2385447059634,-168.53694151800804
-146.89822855412973,-167.66947769585042
-146.55791240229607,-166.8020138736928
-146.2175962504624,-165.93455005153518
-145.87728009862875,-165.06708622937757
-145.53696394679508,-164.19962240721995
-145.19664779496142,-163.33215858506233
-144.85633164312776,-162.4646947629047
-144.5160154912941,-161.5972309407471
-144.17569933946044,-160.72976711858948
-143.83538318762677,-159.86230329643186
-143.4950670357931,-158.99483947427424
-143.15475088395945,-158.12737565211663
-142.8144347321258,-157.259911829959
-142.47411858029213,-156.3924480078014
-142.13380242845847,-155.52498418564377
-141.7934862766248,-154.65752036348616
-141.45317012479114,-153.79005654132854
-141.11285397295748,-152.92259271917092
-140.77253782112382,-152.0551288970133
-140.43222166929016,-151.1876650748557
-140.0919055174565,-150.32020125269807
-139.75158936562283,-149.45273743054045
-139.41127321378917,-148.58527360838283
-139.0709570619555,-147.71780978622522
-138.73064091012185,-146.8503459640676
-138.3903247582882,-145.98288214190998
-138.05000860645453,-145.11541831975237
-137.70969245462086,-144.24795449759475
-137.3693763027872,-143.38049067543713
-137.02906015095354,-142.5130268532795
-136.68874399911988,-141.6455630311219
-136.34842784728622,-140.77809920896428
-136.00811169545256,-139.91063538680666
-135.6677955436189,-139.04317156464904
-135.32747939178523,-138.17570774249143
-134.98716323995157,-137.3082439203338
-134.6468470881179,-136.4407800981762
-134.30653093628425,-135.57331627601857
-133.96621478445059,-134.70585245386096
-133.62589863261692,-133.83838863170334
-133.28558248078326,-132.97092480954572
-132.9452663289496,-132.1034609873881
-132.60495017711594,-131.2359971652305
-132.26463402528228,-130.36853334307287
-131.92431787344862,-129.50106952091525
-131.58400172161495,-128.63360569875763
-131.2436855697813,-127.76614187660003
-130.90336941794763,-126.89867805444243
-130.56305326611397,-126.03121423228482
-130.2227371142803,-125.16375041012722
-129.88242096244664,-124.29628658796962
-129.54210481061298,-123.42882276581201
-129.20178865877932,-122.56135894365441
-128.86147250694566,-121.69389512149681
-128.521156355112,-120.8264312993392
-128.18084020327834,-119.9589674771816
-127.84052405144466,-119.091503655024
-127.50020789961098,-118.2240398328664
-127.15989174777731,-117.35657601070879
-126.81957559594363,-116.48911218855119
-126.47925944410996,-115.62164836639359
-126.13894329227628,-114.75418454423598
-125.7986271404426,-113.88672072207838
-125.45831098860893,-113.01925689992078
-125.11799483677525,-112.15179307776317
-124.77767868494158,-111.28432925560557
-124.4373625331079,-110.41686543344797
-124.09704638127423,-109.54940161129036
-123.75673022944055,-108.68193778913276
-123.41641407760687,-107.81447396697516
-123.0760979257732,-106.94701014481755
-122.73578177393952,-106.07954632265995
-122.39546562210585,-105.21208250050235
-122.05514947027217,-104.34461867834474
-121.7148333184385,-103.47715485618714
-121.37451716660482,-102.60969103402954
-121.03420101477114,-101.74222721187193
-120.69388486293747,-100.87476338971433
-120.35356871110379,-100.00729956755673
-120.01325255927011,-99.13983574539913
-119.67293640743644,-98.27237192324152
-119.33262025560276,-97.40490810108392
-118.99230410376909,-96.53744427892632
-118.65198795193541,-95.66998045676871
-118.31167180010173,-94.80251663461111
-117.97135564826806,-93.9350528124535
-117.63103949643438,-93.0675889902959
-117.2907233446007,-92.2001251681383
-116.95040719276703,-91.3326613459807
-116.61009104093336,-90.4651975238231
-116.26977488909968,-89.59773370166549
-115.929458737266,-88.73026987950789
-115.58914258543233,-87.86280605735028
-115.24882643359865,-86.99534223519268
-114.90851028176498,-86.12787841303508
-114.5681941299313,-85.26041459087747
-114.22787797809762,-84.39295076871987
-113.88756182626395,-83.52548694656227
-113.54724567443027,-82.65802312440466
-113.2069295225966,-81.79055930224706
-112.86661337076292,-80.92309548008946
-112.52629721892924,-80.05563165793185
-112.18598106709557,-79.18816783577425
-111.84566491526189,-78.32070401361665
-111.50534876342822,-77.45324019145905
-111.16503261159454,-76.58577636930144
-110.82471645976086,-75.71831254714384
-110.48440030792719,-74.85084872498624
-110.14408415609351,-73.98338490282863
-109.80376800425984,-73.11592108067103
-109.46345185242616,-72.24845725851343
-109.12313570059248,-71.38099343635582
-108.78281954875881,-70.51352961419822
-108.44250339692513,-69.64606579204062
-108.10218724509146,-68.77860196988301
-107.76187109325778,-67.91113814772541
-107.4215549414241,-67.0436743255678
-107.08123878959043,-66.1762105034102
-106.74092263775675,-65.3087466812526
-106.40060648592308,-64.441282859095
-106.0602903340894,-63.573819036937394
-105.71997418225573,-62.70635521477979
-105.37965803042205,-61.83889139262219
-105.03934187858837,-60.971427570464584
-104.6990257267547,-60.10396374830698
-104.35870957492102,-59.23649992614938
-104.01839342308735,-58.369036103991775
-103.69275942278527,-57.50654610358294
-103.3818075740148,-56.64902992492288
-103.08553787677592,-55.79648756801158
-102.80395033106863,-54.94891903284905
-102.53704493689295,-54.10632431943529
-102.28482169424886,-53.2687034277703
-102.04728060313637,-52.43605635785408
-101.82442166355548,-51.60838310968663
-101.61624487550618,-50.78568368326795
-101.42275023898848,-49.96795807859804
-101.24393775400239,-49.1552062956769
-101.07980742054788,-48.34742833450452
-100.93035923862497,-47.544624195080914
-100.79559320823367,-46.74679387740608
-100.67550932937395,-45.95393738148001
-100.57010760204584,-45.16605470730271
-100.47938802624932,-44.383145854874186
-100.4033506019844,-43.60521082419443
-100.34199532925108,-42.83224961526344
-100.29532220804936,-42.06426222808122
-100.26333123837922,-41.301248662647765
-100.24602242024069,-40.54320891896308
-100.24339575363376,-39.79014299702717
-100.25545123855842,-39.042050896840024
-100.28218887501468,-38.29893261840165
-100.32360866300255,-37.56078816171205
-100.379710602522,-36.82761752677121
-100.45049469357305,-36.09942071357914
-100.5359609361557,-35.37619772213584
-100.63610933026995,-34.65794855244131
-100.75093987591579,-33.94467320449555
-100.88045257309324,-33.23637167829856
-101.02464742180227,-32.53304397385034
-101.18352442204291,-31.83469009115089
-101.35708357381515,-31.141310030200206
-101.54532487711897,-30.452903790998292
-101.7482483319544,-29.769471373545148
-101.96585393832143,-29.091012777840774
-102.19814169622005,-28.417528003885167
-102.44511160565027,-27.74901705167833
-102.70676366661209,-27.085479921220262
-102.9830978791055,-26.426916612510965
-103.27411424313051,-25.773327125550434
-103.57981275868713,-25.124711460338673
-103.90019342577533,-24.481069616875683
-104.23525624439513,-23.842401595161462
-104.58500121454654,-23.208707395196008
-104.94942833622953,-22.579987016979324
-105.32853760944413,-21.95624046051141
-105.72232903419032,-21.337467725792266
-106.13080261046811,-20.723668812821888
-106.5539583382775,-20.11484372160028
-106.99179621761849,-19.510992452127443
-107.44431624849106,-18.912115004403375
-107.91151843089524,-18.318211378428074
-108.39340276483102,-17.729281574201543
-108.88996925029839,-17.145325591723783
-109.40121788729736,-16.56634343099479
-109.92714867582794,-15.992335092014569
-110.4677616158901,-15.423300574783116
-111.02305670748386,-14.859239879300432
-111.59303395060923,-14.300153005566518
-112.17769334526618,-13.746039953581372
-112.77703489145473,-13.196900723344996
-113.39105858917489,-12.652735314857388
-114.01976443842663,-12.11354372811855
-114.66315243920998,-11.57932596312848
-115.32122259152493,-11.050082019887181
-115.99397489537147,-10.52581189839465
-116.6814093507496,-10.00651559865089
-117.38352595765934,-9.492193120655896
-118.10032471610067,-8.982844464409673
-118.8318056260736,-8.478469629912219
-119.57796868757814,-7.979068617163534
-120.33881390061426,-7.484641426163619
-121.11434126518198,-6.995188056912473
-121.8898686297497,-6.5057346876613265
-122.66539599431742,-6.01628131841018
-123.44092335888514,-5.526827949159034
-124.21645072345287,-5.037374579907888
-124.99197808802059,-4.5479212106567415
-125.76750545258831,-4.058467841405595
-126.54303281715603,-3.569014472154449
-127.31856018172375,-3.0795611029033028
-128.09408754629146,-2.5901077336521565
-128.86961491085918,-2.1006543644010103
-129.6451422754269,-1.6112009951498638
-130.42066963999463,-1.1217476258987173
-131.19619700456235,-0.6322942566475709
-131.97172436913007,-0.14284088739642442
-132.7472517336978,0.34661248185472204
-133.52277909826552,0.8360658511058685
-134.29830646283324,1.325519220357015
-135.07383382740096,1.8149725896081614
-135.84936119196868,2.3044259588593077
-136.6248885565364,2.793879328110454
-137.40041592110413,3.2833326973616
-138.17594328567185,3.7727860666127464
-138.95147065023957,4.262239435863893
-139.7269980148073,4.751692805115039
-140.50252537937502,5.241146174366185
-141.27805274394274,5.730599543617331
-142.05358010851046,6.220052912868478
-142.82910747307818,6.709506282119624
-143.6046348376459,7.19895965137077
-144.38016220221363,7.688413020621916
-145.15568956678135,8.177866389873063
-145.93121693134907,8.66731975912421
-146.7067442959168,9.156773128375356
-147.4822716604845,9.646226497626502
-148.25779902505224,10.135679866877648
-149.03332638961996,10.625133236128795
-149.80885375418768,11.114586605379941
-150.5843811187554,11.604039974631087
-151.35990848332312,12.093493343882233
-152.13543584789085,12.58294671313338
-152.91096321245857,13.072400082384526
-153.6864905770263,13.561853451635672
-154.462017941594,14.051306820886818
-155.23754530616173,14.540760190137965
-156.01307267072946,15.03021355938911
-156.78860003529718,15.519666928640257
-157.5641273998649,16.009120297891403
-158.33965476443262,16.49857366714255
-159.11518212900035,16.9880270363937
-159.89070949356807,17.477480405644847
-160.6662368581358,17.966933774895995
-161.4417642227035,18.456387144147143
-162.21729158727123,18.94584051339829
-162.99281895183896,19.43529388264944
-163.76834631640668,19.924747251900587
-164.5438736809744,20.414200621151736
-165.31940104554212,20.903653990402884
-166.09492841010984,21.39310735965403
-166.87045577467757,21.88256072890518
-167.6459831392453,22.372014098156328
-168.421510503813,22.861467467407476
-169.19703786838073,23.350920836658624
-169.97256523294845,23.84037420590977
-170.74809259751618,24.32982757516092
-171.5236199620839,24.819280944412068
-172.29914732665162,25.308734313663216
-173.07467469121934,25.798187682914364
-173.85020205578707,26.28764105216551
-174.6257294203548,26.77709442141666
-175.4012567849225,27.266547790667808
-176.17678414949023,27.756001159918956
-176.95231151405795,28.245454529170104
-177.72783887862568,28.734907898421252
-178.5033662431934,29.2243612676724
-179.27889360776112,29.713814636923548
-180.05442097232884,30.203268006174696
-180.82994833689656,30.692721375425844
-181.6054757014643,31.182174744676992
-182.381003066032,31.67162811392814
-183.15653043059973,32.16108148317929
-183.93205779516745,32.65053485243043
-184.70758515973517,33.13998822168158
-185.4831125243029,33.62944159093272
-186.25863988887062,34.118894960183866
-187.03416725343834,34.60834832943501
-187.80969461800606,35.097801698686155
-188.58522198257378,35.5872550679373
-189.3607493471415,36.076708437188444
-190.13627671170923,36.56616180643959
-190.91180407627695,37.05561517569073
-191.68733144084467,37.54506854494188
-192.4628588054124,38.03452191419302
-193.23838616998012,38.523975283444166
-194.01391353454784,39.01342865269531
-194.78944089911556,39.502882021946455
-195.56496826368328,39.9923353911976
-196.340495628251,40.481788760448744
-197.11602299281873,40.97124212969989
-197.89155035738645,41.46069549895103
-198.66707772195417,41.95014886820218
-199.4426050865219,42.43960223745332
-200.21813245108962,42.929055606704466
-200.99365981565734,43.41850897595561
-201.76918718022506,43.907962345206755
-202.54471454479278,44.3974157144579
-203.3202419093605,44.886869083709044
-204.09576927392823,45.37632245296019
-204.87129663849595,45.86577582221133
-205.64682400306367,46.35522919146248
-206.4223513676314,46.84468256071362
-207.19787873219911,47.334135929964766
-207.97340609676684,47.82358929921591
-208.74893346133456,48.313042668467055
-209.52446082590228,48.8024960377182
-210.29998819047,49.291949406969344
-211.07551555503773,49.78140277622049
-211.85104291960545,50.27085614547163
-212.62657028417317,50.76030951472278
-213.4020976487409,51.24976288397392
-214.1776250133086,51.73921625322507
-214.95315237787634,52.22866962247621
-215.72867974244406,52.718122991727355
-216.50420710701178,53.2075763609785
-217.2797344715795,53.697029730229644
-218.05526183614722,54.18648309948079
-218.83078920071495,54.67593646873193
-219.60631656528267,55.16538983798308
-220.3818439298504,55.65484320723422
-221.1573712944181,56.14429657648537
-221.93289865898583,56.63374994573651
-222.70842602355356,57.123203314987656
-223.48395338812128,57.6126566842388
-224.259480752689,58.102110053489945
-225.03500811725672,58.59156342274109
-225.81053548182445,59.08101679199223
-226.58606284639217,59.57047016124338
-227.3615902109599,60.05992353049452
-228.1371175755276,60.54937689974567
-228.91264494009533,61.03883026899681
-229.68817230466306,61.528283638247956
-230.46369966923078,62.0177370074991
-231.2392270337985,62.507190376750245
-232.01475439836622,62.99664374600139
-232.79028176293394,63.486097115252534
-233.56580912750167,63.97555048450368
-234.3413364920694,64.46500385375482
-235.1168638566371,64.95445722300597
-235.89239122120483,65.44391059225713
-236.66791858577255,65.93336396150828
-237.44344595034028,66.42281733075943
-238.218973314908,66.91227070001058
-238.99450067947572,67.40172406926173
-239.77002804404344,67.89117743851288
-240.54555540861116,68.38063080776404
-241.3210827731789,68.87008417701519
-242.0966101377466,69.35953754626634
-242.87213750231433,69.84899091551749
-243.64766486688205,70.33844428476864
-244.42319223144978,70.8278976540198
-245.1987195960175,71.31735102327094
-245.97424696058522,71.8068043925221
-246.74977432515294,72.29625776177325
-247.52530168972066,72.7857111310244
-248.30082905428839,73.27516450027555
-249.0763564188561,73.7646178695267
-249.85188378342383,74.25407123877785
-250.62741114799155,74.743524608029
-251.40293851255927,75.23297797728016
-252.178465877127,75.72243134653131
-252.95399324169472,76.21188471578246
-253.72952060626244,76.70133808503361
-254.50504797083016,77.19079145428476
-255.28057533539788,77.68024482353592
-256.0561026999656,78.16969819278707
-256.80920765009057,78.6519960025082
-257.53989018577283,79.12713825269931
-258.24815030701234,79.59512494336042
-258.93398801380914,80.0559560744915
-259.5974033061632,80.50963164609257
-260.23839618407453,80.95615165816363
-260.8569666475431,81.39551611070468
-261.453114696569,81.8277250037157
-262.02684033115213,82.25277833719672
-262.57814355129256,82.67067611114771
-263.1070243569902,83.08141832556869
-263.61348274824513,83.48500498045966
-264.09751872505734,83.88143607582062
-264.5591322874268,84.27071161165156
-264.99832343535354,84.65283158795249
-265.41509216883753,85.0277960047234
-265.8094384878788,85.3956048619643
-266.18136239247735,85.75625815967518
-266.5308638826332,86.10975589785605
-266.85794295834626,86.4560980765069
-267.1625996196166,86.79528469562774
-267.44483386644424,87.12731575521856
-267.7046456988291,87.45219125527937
-267.94203511677125,87.76991119581017
-268.15700212027065,88.08047557681094
-268.34954670932734,88.38388439828171
-268.5196688839413,88.68013766022246
-268.6673686441125,88.96923536263319
-268.792645989841,89.25117750551391
-268.89550092112677,89.52596408886461
-268.9759334379698,89.7935951126853
-269.0339435403701,90.05407057697597
-269.06953122832766,90.30739048173663
-269.08269650184246,90.55355482696729
-269.07343936091456,90.79256361266792
-269.0417598055439,91.02441683883853
-268.98765783573054,91.24911450547914
-268.9111334514744,91.46665661258973
-268.8121866527756,91.6770431601703
-268.69081743963403,91.88027414822086
-268.54702581204975,92.0763495767414
-268.3808117700227,92.26526944573193
-268.192175313553,92.44703375519245
-267.9811164426405,92.62164250512295
-267.74763515728523,92.78909569552343
-267.4917314574873,92.9493933263939
-267.21340534324656,93.10253539773436
-266.91265681456315,93.24852190954479
-266.589485871437,93.38735286182522
-266.2438925138681,93.51902825457563
-265.8758767418565,93.64354808779602
-265.48543855540214,93.7609123614864
-265.07257795450505,93.87112107564677
-264.63729493916526,93.97417423027711
-264.1795895093827,94.07007182537745
-263.6994616651574,94.15881386094777
-263.1969114064894,94.24040033698809
-262.6719387333786,94.31483125349838
-262.12454364582516,94.38210661047866
-261.55472614382893,94.44222640792893
-260.96248622739,94.49519064584918
-260.3478238965083,94.54099932423941
-259.71073915118393,94.57965244309963
-259.0512319914168,94.61115000242984
-258.36930241720694,94.63549200223002
-257.66495042855433,94.6526784425002
-256.938176025459,94.66270932324036
-256.1889792079209,94.6655846444505
-255.41735997594012,94.66130440613064
-254.6233183295166,94.64986860828076
-253.80685426865034,94.63127725090085
-252.96796779334133,94.60553033399094
-252.1066589035896,94.57262785755101
-251.22292759939512,94.53256982158106
-250.31677388075792,94.48535622608111
-249.388197747678,94.43098707105113
-248.45962161459806,94.37661791602116
-247.53104548151813,94.32224876099119
-246.6024693484382,94.26787960596121
-245.67389321535828,94.21351045093124
-244.74531708227835,94.15914129590126
-243.81674094919842,94.10477214087129
-242.8881648161185,94.05040298584132
-241.95958868303856,93.99603383081134
-241.03101254995863,93.94166467578137
-240.1024364168787,93.8872955207514
-239.17386028379877,93.83292636572142
-238.24528415071885,93.77855721069145
-237.31670801763892,93.72418805566147
-236.388131884559,93.6698189006315
-235.45955575147906,93.61544974560152
-234.53097961839913,93.56108059057155
-233.6024034853192,93.50671143554158
-232.67382735223927,93.4523422805116
-231.74525121915934,93.39797312548163
-230.8166750860794,93.34360397045165
-229.88809895299948,93.28923481542168
-228.95952281991956,93.2348656603917
-228.03094668683963,93.18049650536173
-227.1023705537597,93.12612735033176
-226.17379442067977,93.07175819530178
-225.24521828759984,93.01738904027181
-224.3166421545199,92.96301988524183
-223.38806602143998,92.90865073021186
-222.45948988836005,92.85428157518189
-221.53091375528012,92.79991242015191
-220.6023376222002,92.74554326512194
-219.67376148912027,92.69117411009196
-218.74518535604034,92.63680495506199
-217.8166092229604,92.58243580003202
-216.88803308988048,92.52806664500204
-215.95945695680055,92.47369748997207
-215.03088082372062,92.4193283349421
-214.1023046906407,92.36495917991212
-213.17372855756076,92.31059002488215
-212.24515242448084,92.25622086985217
-211.3165762914009,92.2018517148222
-210.38800015832098,92.14748255979222
-209.45942402524105,92.09311340476225
-208.53084789216112,92.03874424973228
-207.6022717590812,91.9843750947023
-206.67369562600126,91.93000593967233
-205.74511949292133,91.87563678464235
-204.8165433598414,91.82126762961238
-203.88796722676148,91.7668984745824
-202.95939109368155,91.71252931955243
-202.03081496060162,91.65816016452246
-201.1022388275217,91.60379100949248
-200.17366269444176,91.54942185446251
-199.24508656136183,91.49505269943253
-198.3165104282819,91.44068354440256
-197.38793429520197,91.38631438937259
-196.45935816212204,91.33194523434261
-195.53078202904211,91.27757607931264
-194.6022058959622,91.22320692428266
-193.67362976288226,91.16883776925269
-192.74505362980233,91.11446861422272
-191.8164774967224,91.06009945919274
-190.88790136364247,91.00573030416277
-189.95932523056254,90.9513611491328
-189.0307490974826,90.89699199410282
-188.10217296440268,90.84262283907285
-187.17359683132275,90.78825368404287
-186.24502069824283,90.7338845290129
-185.3164445651629,90.67951537398292
-184.38786843208297,90.62514621895295
-183.45929229900304,90.57077706392298
-182.5307161659231,90.516407908893
-181.60214003284318,90.46203875386303
-180.67356389976325,90.40766959883305
-179.74498776668332,90.35330044380308
-178.8164116336034,90.2989312887731
-177.88783550052347,90.24456213374313
-176.95925936744354,90.19019297871316
-176.0306832343636,90.13582382368318
-175.10210710128368,90.08145466865321
-174.17353096820375,90.02708551362323
-173.24495483512382,89.97271635859326
-172.3163787020439,89.91834720356329
-171.38780256896396,89.86397804853331
-170.45922643588403,89.80960889350334
-169.5306503028041,89.75523973847336
-168.60207416972418,89.70087058344339
-167.67349803664425,89.64650142841342
-166.74492190356432,89.59213227338344
-165.8163457704844,89.53776311835347
-164.88776963740446,89.4833939633235
-163.95919350432453,89.42902480829352
-163.0306173712446,89.37465565326355
-162.10204123816467,89.32028649823357
-161.17346510508474,89.2659173432036
-160.24488897200482,89.21154818817362
-159.3163128389249,89.15717903314365
-158.38773670584496,89.10280987811367
-157.45916057276503,89.0484407230837
-156.5305844396851,88.99407156805373
-155.60200830660517,88.93970241302375
-154.67343217352524,88.88533325799378
-153.7448560404453,88.8309641029638
-152.81627990736538,88.77659494793383
-151.88770377428546,88.72222579290386
-150.95912764120553,88.66785663787388
-150.0305515081256,88.61348748284391
-149.10197537504567,88.55911832781393
-148.17339924196574,88.50474917278396
-147.2448231088858,88.45038001775399
-146.31624697580588,88.39601086272401
-145.38767084272595,88.34164170769404
-144.45909470964602,88.28727255266406
-143.5305185765661,88.23290339763409
-142.60194244348617,88.17853424260412
-141.67336631040624,88.12416508757414
-140.7447901773263,88.06979593254417
-139.81621404424638,88.0154267775142
-138.88763791116645,87.96105762248422
-137.95906177808652,87.90668846745425
-137.0304856450066,87.85231931242427
-136.10190951192666,87.7979501573943
-135.17333337884673,87.74358100236432
-134.2447572457668,87.68921184733435
-133.31618111268688,87.63484269230437
-132.38760497960695,87.5804735372744
-131.45902884652702,87.52610438224443
-130.5304527134471,87.47173522721445
-129.60187658036716,87.41736607218448
-128.67330044728723,87.3629969171545
-127.7447243142073,87.30862776212453
-126.81614818112737,87.25425860709456
-125.88757204804745,87.19988945206458
-124.95899591496752,87.14552029703461
-124.03041978188759,87.09115114200463
-123.10184364880766,87.03678198697466
-122.17326751572773,86.98241283194469
-121.2446913826478,86.92804367691471
-120.31611524956787,86.87367452188474
-119.38753911648794,86.81930536685476
-118.45896298340801,86.76493621182479
-117.53038685032809,86.71056705679482
-116.60181071724816,86.65619790176484
-115.67323458416823,86.60182874673487
-114.7446584510883,86.5474595917049
-113.81608231800837,86.49309043667492
-112.88750618492844,86.43872128164494
-111.95893005184851,86.38435212661497
-111.03035391876858,86.329982971585
-110.10177778568865,86.27561381655502
-109.17320165260872,86.22124466152505
-108.2446255195288,86.16687550649507
-107.31604938644887,86.1125063514651
-106.38747325336894,86.05813719643513
-105.45889712028901,86.00376804140515
-104.53032098720908,85.94939888637518
-103.60174485412915,85.8950297313452
-102.67316872104922,85.84066057631523
-101.7445925879693,85.78629142128526
-100.81601645488936,85.73192226625528
-99.88744032180944,85.67755311122531
-98.9588641887295,85.62318395619533
-98.03028805564958,85.56881480116536
-97.10171192256965,85.51444564613539
-96.17313578948972,85.46007649110541
-95.24455965640979,85.40570733607544
-94.31598352332986,85.35133818104546
-93.38740739024993,85.29696902601549
-92.45883125717,85.24259987098552
-91.53025512409008,85.18823071595554
-90.60167899101015,85.13386156092557
-89.67310285793022,85.07949240589559
-88.74452672485029,85.02512325086562
-87.81595059177036,84.97075409583564
-86.89662061911928,84.9287951055694
-85.98653680689702,84.8992462800669
-85.08569915510361,84.88210761932814
-84.19410766373905,84.8773791233531
-83.31176233280331,84.88506079214179
-82.43866316229642,84.90515262569421
-81.57481015221838,84.93765462401038
-80.72020330256916,84.98256678709028
-79.87484261334879,85.0398891149339
-79.03872808455725,85.10962160754126
-78.21185971619455,85.19176426491235
-77.3942375082607,85.28631708704718
-76.58586146075568,85.39328007394575
-75.7867315736795,85.51265322560803
-74.99684784703216,85.64443654203406
-74.21621028081366,85.78863002322382
-73.444818875024,85.94523366917731
-72.68267362966317,86.11424747989454
-71.92977454473119,86.2956714553755
-71.18612162022805,86.48950559562019
-70.45171485615374,86.69574990062861
-69.72655425250828,86.91440437040077
-69.01063980929165,87.14546900493667
-68.30397152650386,87.38894380423629
-67.60654940414491,87.64482876829965
-66.9183734422148,87.91312389712674
-66.23944364071353,88.19382919071757
-65.56975999964111,88.48694464907213
-64.90932251899751,88.79247027219041
-64.25813119878276,89.11040606007244
-63.61618603899685,89.44075201271819
-62.983487039639776,89.78350813012769
-62.36003420071154,90.13867441230092
-61.745827522212146,90.50625085923787
-61.14086700414159,90.88623747093855
-60.54515264649987,91.27863424740298
-59.95868444928699,91.68344118863114
-59.381462412502955,92.10065829462303
-58.81348653614776,92.53028556537866
-58.254756820221395,92.97232300089802
-57.70527326472387,93.4267706011811
-57.16503586965519,93.89362836622793
-56.63404463501535,94.37289629603849
-56.112299560804345,94.86457439061279
-55.59980064702218,95.3686626499508
-55.096547893668856,95.88516107405256
-54.60254130074437,96.41406966291805
-54.11778086824872,96.95538841654728
-53.64226659618191,97.50911733494024
-53.175998484543946,98.07525641809693
-52.71897653333482,98.65380566601735
-52.27120074255453,99.2447650787015
-51.83267111220307,99.8481346561494
-51.403387642280464,100.46391439836103
-50.98335033278669,101.09210430533638
-50.57255918372176,101.73270437707546
-50.17101419508566,102.38571461357829
-49.77871536687841,103.05113501484485
-49.395662699099994,103.72896558087514
-49.021856191750416,104.41920631166916
-48.657295844829676,105.12185720722691
-48.30198165833778,105.8369182675484
-47.95591363227472,106.56438949263362
-47.6190917666405,107.30427088248258
-47.29151606143512,108.05656243709527
-46.97318651665858,108.82126415647168
-46.66410313231088,109.59837604061184
-46.364265908392014,110.38789808951573
-46.07367484490199,111.18983030318336
-45.792329941840805,112.0041726816147
-45.52023119920846,112.83092522480979
-45.25737861700495,113.67008793276861
-45.00377219523028,114.52166080549117
-44.75941193388445,115.38564384297746
-44.52429783296746,116.26203704522747
-44.29842989247931,117.15084041224122
-44.07256195199116,118.03964377925497
-43.84669401150301,118.92844714626872
-43.62082607101486,119.81725051328247
-43.39495813052671,120.70605388029622
-43.16909019003856,121.59485724730997
-42.94322224955041,122.48366061432372
-42.71735430906226,123.37246398133748
-42.49148636857411,124.26126734835123
-42.26561842808596,125.15007071536498
-42.03975048759781,126.03887408237873
-41.81388254710966,126.92767744939248
-41.588014606621506,127.81648081640623
-41.362146666133356,128.70528418342
-41.136278725645205,129.59408755043376
-40.910410785157055,130.48289091744752
-40.684542844668904,131.37169428446128
-40.458674904180754,132.26049765147505
-40.2328069636926,133.1493010184888
-40.00693902320445,134.03810438550258
-39.7810710827163,134.92690775251634
-39.55520314222815,135.8157111195301
-39.32933520174,136.70451448654387
-39.10346726125185,137.59331785355764
-38.8775993207637,138.4821212205714
-38.65173138027555,139.37092458758516
-38.4258634397874,140.25972795459893
-38.19999549929925,141.1485313216127
-37.9741275588111,142.03733468862646
-37.74825961832295,142.92613805564022
-37.5223916778348,143.814941422654
-37.29652373734665,144.70374478966775
-37.070655796858496,145.59254815668152
-36.844787856370345,146.48135152369528
-36.618919915882195,147.37015489070905
-36.393051975394044,148.2589582577228
-36.167184034905894,149.14776162473657
-35.94131609441774,150.03656499175034
-35.71544815392959,150.9253683587641
-35.48958021344144,151.81417172577787
-35.26371227295329,152.70297509279163
-35.03784433246514,153.5917784598054
-34.81197639197699,154.48058182681916
-34.58610845148884,155.36938519383293
-34.36024051100069,156.2581885608467
-34.13437257051254,157.14699192786046
-33.90850463002439,158.03579529487422
-33.68263668953624,158.92459866188798
-33.45676874904809,159.81340202890175
-33.23090080855994,160.7022053959155
-33.00503286807179,161.59100876292928
-32.779164927583636,162.47981212994304
-32.553296987095486,163.3686154969568
-32.327429046607335,164.25741886397057
-32.101561106119185,165.14622223098434
-31.875693165631034,166.0350255979981
-31.649825225142884,166.92382896501186
-31.423957284654733,167.81263233202563
-31.198089344166583,168.7014356990394
-30.972221403678432,169.59023906605316
-30.74635346319028,170.47904243306692
-30.52048552270213,171.3678458000807
-30.29461758221398,172.25664916709445
-30.06874964172583,173.14545253410822
-29.84288170123768,174.03425590112198
-29.61701376074953,174.92305926813575
-29.39114582026138,175.8118626351495
-29.165277879773228,176.70066600216327
-28.939409939285078,177.58946936917704
-28.713541998796927,178.4782727361908
-28.487674058308777,179.36707610320457
-28.261806117820626,180.25587947021833
-28.035938177332476,181.1446828372321
-27.810070236844325,182.03348620424586
-27.584202296356175,182.92228957125963
-27.358334355868024,183.8110929382734
-27.132466415379874,184.69989630528715
-26.906598474891723,185.58869967230092
-26.680730534403573,186.47750303931468
-26.454862593915422,187.36630640632845
-26.22899465342727,188.2551097733422
-26.00312671293912,189.14391314035598
-25.77725877245097,190.03271650736974
-25.55139083196282,190.9215198743835
-25.32552289147467,191.81032324139727
-25.09965495098652,192.69912660841104
-24.87378701049837,193.5879299754248
-24.647919070010218,194.47673334243856
-24.422051129522067,195.36553670945233
-24.196183189033917,196.2543400764661
-23.970315248545766,197.14314344347986
-23.744447308057616,198.03194681049362
-23.518579367569465,198.9207501775074
-23.292711427081315,199.80955354452115
-23.066843486593164,200.69835691153492
-22.840975546105014,201.58716027854868
-22.615107605616863,202.47596364556244
-22.389239665128713,203.3647670125762
-22.163371724640562,204.25357037958997
-21.937503784152412,205.14237374660374
-21.71163584366426,206.0311771136175
-21.48576790317611,206.91998048063127
-21.25989996268796,207.80878384764503
-21.03403202219981,208.6975872146588
-20.80816408171166,209.58639058167256
-20.58229614122351,210.47519394868633
-20.35642820073536,211.3639973157001
-20.130560260247208,212.25280068271385
-19.904692319759057,213.14160404972762
-19.678824379270907,214.03040741674138
-19.452956438782756,214.91921078375515
-19.227088498294606,215.8080141507689
-19.001220557806455,216.69681751778268
-18.775352617318305,217.58562088479644
-18.549484676830154,218.4744242518102
-18.323616736342004,219.36322761882397
-18.097748795853853,220.25203098583773
-17.871880855365703,221.1408343528515
-17.646012914877552,222.02963771986526
-17.4201449743894,222.91844108687903
-17.19427703390125,223.8072444538928
-16.9684090934131,224.69604782090656
-16.74254115292495,225.58485118792032
-16.5166732124368,226.4736545549341
-16.29080527194865,227.36245792194785
-16.0649373314605,228.25126128896162
-15.839069390972348,229.14006465597538
-15.613201450484198,230.02886802298914
-15.387333509996047,230.9176713900029
-15.161465569507897,231.80647475701667
-14.935597629019746,232.69527812403044
-14.709729688531596,233.5840814910442
-14.483861748043445,234.47288485805797
-14.257993807555295,235.36168822507173
-14.032125867067144,236.2504915920855
-13.806257926578994,237.13929495909926
-13.580389986090843,238.02809832611302
-13.354522045602693,238.9169016931268
-13.128654105114542,239.80570506014055
-12.902786164626391,240.69450842715432
-12.676918224138241,241.58331179416808
-12.45105028365009,242.47211516118185
-12.22518234316194,243.3609185281956
-11.99931440267379,244.24972189520938
-11.773446462185639,245.13852526222314
-11.547578521697488,246.0273286292369
-11.321710581209338,246.91613199625067
-11.095842640721187,247.80493536326443
-10.869974700233037,248.6937387302782
-10.644106759744886,249.58254209729196
-10.418238819256736,250.47134546430573
-10.192370878768585,251.3601488313195
-9.966502938280435,252.24895219833326
-9.740634997792284,253.13775556534702
-9.514767057304134,254.02655893236079
-9.288899116815983,254.91536229937455
-9.063031176327833,255.80416566638831
-8.837163235839682,256.69296903340205
-8.611295295351532,257.5817724004158
-8.385427354863381,258.4705757674295
-8.15955941437523,259.35937913444326
-7.93369147388708,260.248182501457
-7.70782353339893,261.13698586847073
-7.481955592910779,262.02578923548447
-7.256087652422629,262.9145926024982
-7.030219711934478,263.80339596951194
-6.804351771446328,264.6921993365257
-6.578483830958177,265.5810027035394
-6.352615890470027,266.46980607055315
-6.126747949981876,267.3586094375669
-5.900880009493726,268.2474128045806
-5.675012069005575,269.13621617159436
-5.449144128517425,270.0250195386081
-5.223276188029274,270.9138229056218
-4.997408247541124,271.80262627263556
-4.771417024913922,272.66789368539247
-4.545302520147669,273.50962514389255
-4.3190647332423655,274.32782064813574
-4.09270366419801,275.1224801981221
-3.866219313014603,275.8936037938516
-3.6396116796921456,276.64119143532423
-3.4128807642306365,277.36524312254005
-3.186026566630076,278.065758855499
-2.959049086890465,278.7427386342011
-2.7319483250118024,279.39618245864636
-2.504724280994089,280.02609032883475
-2.277376954837324,280.6324622447663
-2.0499063465415084,281.215298206441
-1.8223124561066413,281.77459821385884
-1.5945952835327228,282.31036226701985
-1.3667548288197533,282.822590365924
-1.1387910919677326,283.3112825105713
-0.9107040729766608,283.77643870096176
-0.6824937718465377,284.21805893709535
-0.45416018857736346,284.6361432189721
-0.22570332316913805,285.030691546592
0.0028768243781385483,285.401703919955
0.2315802540644663,285.74918033906124
0.46040696588984525,286.07312080391057
0.6893569598542754,286.37352531450307
0.9184302359577566,286.65039387083874
1.1476267942002891,286.9037264729175
1.3769466345818728,287.1335231207395
1.6063897571025076,287.33978381430455
1.8359561617621936,287.5225085536128
2.065645848560931,287.6816973386642
2.2954588174987194,287.81735016945873
2.525395068575559,287.92946704599643
2.75545460179145,288.0180479682773
2.9856374171463917,288.0830929363013
3.2159435146403847,288.12460195006844
3.446372894273429,288.1425750095787
3.676925556045524,288.13701211483215
3.907601499956671,288.10791326582876
4.138400726006869,288.0552784625685
4.369323234196118,287.9791077050514
4.600369024524419,287.87940099327744
4.83153809699177,287.7561583272466
5.062830451598173,287.609379706959
5.294246088343627,287.43906513241444
5.525785007228132,287.2452146036131
5.757447208251688,287.0278281205549
5.989232691414295,286.7869056832398
6.221141456715953,286.5224472916679
6.453173504156663,286.23445294583917
6.685328833736423,285.92292264575354
6.917607445455235,285.5878563914111
7.1500093393130975,285.22925418281176
7.382534515310012,284.8471160199556
7.615182973445978,284.4414419028426
7.847954713720995,284.0122318314727
8.080849736135063,283.559485805846
8.313868040688181,283.08320382596247
8.547009627380351,282.58338589182205
8.780274496211572,282.0600320034248
9.013662647181844,281.51314216077066
9.247174080291169,280.9427163638597
9.480808795539543,280.3487546126919
9.71456679292697,279.7312569072672
9.948448072453447,279.0902232475857
10.182452634118976,278.42565363364736
10.416580477923555,277.73754806545213
10.650831603867186,277.0259065430001
10.885206011949867,276.29072906629114
11.1197037021716,275.53201563532537
11.354324674532384,274.74976625010277
11.58906892903222,273.9439809106233
11.823936465671107,273.11465961688697
12.058927284449044,272.2618023688938
12.294041385366034,271.3854091666438
12.529278768422074,270.48548001013694
12.764516151478114,269.5855508536301
12.999753534534154,268.6856216971232
13.234990917590194,267.78569254061637
13.470228300646234,266.8857633841095
13.705465683702274,265.98583422760265
13.940703066758314,265.0859050710958
14.175940449814354,264.18597591458894
14.411177832870393,263.2860467580821
14.646415215926433,262.3861176015752
14.881652598982473,261.48618844506836
15.116889982038513,260.5862592885615
15.352127365094553,259.68633013205465
15.587364748150593,258.7864009755478
15.822602131206633,257.88647181904093
16.057839514262675,256.9865426625341
16.293076897318716,256.0866135060272
16.528314280374758,255.18668434952036
16.7635516634308,254.2867551930135
16.99878904648684,253.38682603650665
17.234026429542883,252.4868968799998
17.469263812598925,251.58696772349293
17.704501195654966,250.68703856698608
17.939738578711008,249.78710941047922
18.17497596176705,248.88718025397236
18.41021334482309,247.9872510974655
18.645450727879133,247.08732194095865
18.880688110935175,246.1873927844518
19.115925493991217,245.28746362794493
19.35116287704726,244.38753447143807
19.5864002601033,243.48760531493122
19.82163764315934,242.58767615842436
20.056875026215383,241.6877470019175
20.292112409271425,240.78781784541064
20.527349792327467,239.8878886889038
20.76258717538351,238.98795953239693
20.99782455843955,238.08803037589007
21.233061941495592,237.1881012193832
21.468299324551634,236.28817206287636
21.703536707607675,235.3882429063695
21.938774090663717,234.48831374986264
22.17401147371976,233.58838459335578
22.4092488567758,232.68845543684893
22.644486239831842,231.78852628034207
22.879723622887884,230.8885971238352
23.114961005943925,229.98866796732835
23.350198388999967,229.0887388108215
23.58543577205601,228.18880965431464
23.82067315511205,227.28888049780778
24.055910538168092,226.38895134130092
24.291147921224134,225.48902218479407
24.526385304280176,224.5890930282872
24.761622687336217,223.68916387178035
24.99686007039226,222.7892347152735
25.2320974534483,221.88930555876664
25.467334836504342,220.98937640225978
25.702572219560384,220.08944724575292
25.937809602616426,219.18951808924606
26.173046985672467,218.2895889327392
26.40828436872851,217.38965977623235
26.64352175178455,216.4897306197255
26.878759134840593,215.58980146321863
27.113996517896634,214.68987230671178
27.349233900952676,213.78994315020492
27.584471284008718,212.89001399369806
27.81970866706476,211.9900848371912
28.0549460501208,211.09015568068435
28.290183433176843,210.1902265241775
28.525420816232884,209.29029736767063
28.760658199288926,208.39036821116377
28.995895582344968,207.49043905465692
29.23113296540101,206.59050989815006
29.46637034845705,205.6905807416432
29.701607731513093,204.79065158513635
29.936845114569135,203.8907224286295
30.172082497625176,202.99079327212263
30.407319880681218,202.09086411561577
30.64255726373726,201.19093495910892
30.8777946467933,200.29100580260206
31.113032029849343,199.3910766460952
31.348269412905385,198.49114748958834
31.583506795961426,197.59121833308149
31.818744179017468,196.69128917657463
32.05398156207351,195.79136002006777
32.28921894512955,194.8914308635609
32.524456328185586,193.99150170705406
32.759693711241624,193.0915725505472
32.99493109429766,192.19164339404034
33.2301684773537,191.29171423753348
33.46540586040974,190.39178508102663
33.70064324346578,189.49185592451977
33.935880626521815,188.5919267680129
34.17111800957785,187.69199761150605
34.40635539263389,186.7920684549992
34.64159277568993,185.89213929849234
34.87683015874597,184.99221014198548
35.112067541802006,184.09228098547862
35.347304924858044,183.19235182897177
35.58254230791408,182.2924226724649
35.81777969097012,181.39249351595805
36.05301707402616,180.4925643594512
36.288254457082196,179.59263520294434
36.523491840138234,178.69270604643748
36.75872922319427,177.79277688993062
36.99396660625031,176.89284773342376
37.22920398930635,175.9929185769169
37.46444137236239,175.09298942041005
37.699678755418425,174.1930602639032
37.93491613847446,173.29313110739633
38.1701535215305,172.39320195088948
38.40539090458654,171.49327279438262
38.64062828764258,170.59334363787576
38.875865670698616,169.6934144813689
39.111103053754654,168.79348532486205
39.34634043681069,167.8935561683552
39.58157781986673,166.99362701184833
39.81681520292277,166.09369785534147
40.05205258597881,165.19376869883462
40.287289969034845,164.29383954232776
40.52252735209088,163.3939103858209
40.75776473514692,162.49398122931404
40.99300211820296,161.5940520728072
41.228239501259,160.69412291630033
41.463476884315035,159.79419375979347
41.698714267371074,158.89426460328662
41.93395165042711,157.99433544677976
42.16918903348315,157.0944062902729
42.40442641653919,156.19447713376604
42.639663799595226,155.29454797725919
42.874901182651264,154.39461882075233
43.1101385657073,153.49468966424547
43.34537594876334,152.5947605077386
43.58061333181938,151.69483135123176
43.81585071487542,150.7949021947249
44.051088097931455,149.89497303821804
44.28632548098749,148.99504388171118
44.52156286404353,148.09511472520433
44.75680024709957,147.19518556869747
44.99203763015561,146.2952564121906
45.227275013211646,145.39532725568375
45.462512396267684,144.4953980991769
45.69774977932372,143.59546894267004
45.93298716237976,142.69553978616318
46.1682245454358,141.79561062965632
46.403461928491836,140.89568147314947
46.638699311547875,139.9957523166426
46.87393669460391,139.09582316013575
47.10917407765995,138.1958940036289
47.34441146071599,137.29596484712204
47.57964884377203,136.39603569061518
47.814886226828065,135.49610653410832
48.0501236098841,134.59617737760146
48.28536099294014,133.6962482210946
48.52059837599618,132.79631906458775
48.75583575905222,131.8963899080809
48.991073142108256,130.99646075157403
49.226310525164294,130.09653159506718
49.46154790822033,129.19660243856032
49.69678529127637,128.29667328205346
49.93202267433241,127.39674412554659
50.16726005738845,126.49681496903972
50.402497440444485,125.59688581253285
50.63773482350052,124.69695665602598
50.87297220655656,123.7970274995191
51.1082095896126,122.89709834301223
51.34344697266864,121.99716918650536
51.578684355724675,121.09724002999849
51.813921738780714,120.19731087349162
52.04915912183675,119.29738171698475
52.28439650489279,118.39745256047787
52.51963388794883,117.497523403971
52.754871271004866,116.59759424746413
52.990108654060904,115.69766509095726
53.22534603711694,114.79773593445039
53.46058342017298,113.89780677794352
53.7047663543701,113.0105061914634
53.9578948397083,112.13583417501005
54.219968876187586,111.27379072858345
54.49098846380795,110.42437585218362
54.7709536025694,109.58758954581053
55.05986429247193,108.76343180946421
55.35772053351554,107.95190264314465
55.66452232570024,107.15300204685184
55.98026966902602,106.36673002058579
56.304962563492886,105.59308656434649
56.63860100910083,104.83207167813396
56.98118500584986,104.08368536194818
57.33271455373997,103.34792761578916
57.69318965277116,102.6247984396569
58.06261030294343,101.9142978335514
58.44097650425679,101.21642579747265
58.828288256711225,100.53118233142067
59.224545560306744,99.85856743539543
59.629748415043345,99.19858110939695
60.04389682092103,98.55122335342524
60.46699077793979,97.91649416748028
60.89903028609964,97.29439355156208
61.340015345400566,96.68492150567064
61.789945955842576,96.08807802980596
62.24882211742567,95.50386312396803
62.71664383014984,94.93227678815686
63.1934110940151,94.37331902237244
63.679123909021435,93.82698982661479
64.17378227516886,93.29328920088389
64.67738619245736,92.77221714517975
65.18993566088695,92.26377365950238
65.71143068045761,91.76795874385175
66.24187125116936,91.28477239822789
66.78125737302219,90.81421462263079
67.3295890460161,90.35628541706043
67.88686627015109,89.91098478151685
68.45308904542716,89.478312716
69.02825737184432,89.05826922050993
69.61237124940256,88.65085429504661
70.20543067810188,88.25606793961005
70.80743565794228,87.87391015420025
71.41838618892376,87.5043809388172
72.03828227104633,87.14748029346092
72.66712390430997,86.80320821813139
73.3049110887147,86.47156471282861
73.95164382426051,86.1525497775526
74.60732211094741,85.84616341230334
75.27194594877538,85.55240561708084
75.94551533774444,85.2712763918851
76.62803027785458,85.00277573671612
77.3194907691058,84.74690365157389
78.0198968114981,84.50366013645842
78.72924840503148,84.2730451913697
79.44754554970595,84.05505881630775
80.1747882455215,83.84970101127256
80.91097649247813,83.65697177626411
81.65611029057584,83.47687111128243
82.41018963981463,83.30939901632752
83.17321454019451,83.15455549139935
83.94518499171546,83.01234053649794
84.7261009943775,82.8827541516233
85.51596254818062,82.76579633677541
86.31476965312484,82.66146709195428
87.12252230921014,82.5697664171599
87.93922051643652,82.49069431239228
88.76486427480398,82.42425077765142
89.59945358431253,82.37043581293732
90.44298844496215,82.32924941824997
91.29546885675286,82.30069159358939
92.15689481968465,82.28476233895556
93.02726633375752,82.28146165434849
93.90658339897148,82.29078953976817
94.79484601532651,82.31274599521461
95.69205418282263,82.34733102068782
96.59820790145983,82.39454461618777
97.51330717123811,82.45438678171449
98.42840644101639,82.51422894724121
99.34350571079467,82.57407111276792
100.25860498057295,82.63391327829464
101.17370425035124,82.69375544382136
102.08880352012952,82.75359760934808
103.0039027899078,82.8134397748748
103.91900205968608,82.87328194040151
104.83410132946436,82.93312410592823
105.74920059924264,82.99296627145495
106.66429986902092,83.05280843698166
107.5793991387992,83.11265060250838
108.49449840857748,83.1724927680351
109.40959767835577,83.23233493356182
110.32469694813405,83.29217709908853
111.23979621791233,83.35201926461525
112.15489548769061,83.41186143014197
113.06999475746889,83.47170359566869
113.98509402724717,83.5315457611954
114.90019329702545,83.59138792672212
115.81529256680373,83.65123009224884
116.73039183658202,83.71107225777556
117.6454911063603,83.77091442330227
118.56059037613858,83.83075658882899
119.47568964591686,83.89059875435571
120.39078891569514,83.95044091988242
121.30588818547342,84.01028308540914
122.2209874552517,84.07012525093586
123.13608672502998,84.12996741646258
124.05118599480826,84.1898095819893
124.96628526458655,84.24965174751601
125.88138453436483,84.30949391304273
126.79648380414311,84.36933607856945
127.71158307392139,84.42917824409616
128.62668234369966,84.48902040962288
129.54178161347792,84.5488625751496
130.4568808832562,84.60870474067632
131.37198015303446,84.66854690620303
132.28707942281272,84.72838907172975
133.202178692591,84.78823123725647
134.11727796236926,84.84807340278319
135.03237723214752,84.9079155683099
135.9474765019258,84.96775773383662
136.86257577170406,85.02759989936334
137.77767504148233,85.08744206489006
138.6927743112606,85.14728423041677
139.60787358103886,85.20712639594349
140.52297285081713,85.26696856147021
141.4380721205954,85.32681072699692
142.35317139037366,85.38665289252364
143.26827066015193,85.44649505805036
144.1833699299302,85.50633722357708
145.09846919970846,85.5661793891038
146.01356846948673,85.62602155463051
146.928667739265,85.68586372015723
147.84376700904326,85.74570588568395
148.75886627882153,85.80554805121066
149.6739655485998,85.86539021673738
150.58906481837806,85.9252323822641
151.50416408815633,85.98507454779082
152.4192633579346,86.04491671331753
153.33436262771286,86.10475887884425
154.24946189749113,86.16460104437097
155.1645611672694,86.22444320989769
156.07966043704766,86.2842853754244
156.99475970682593,86.34412754095112
157.9098589766042,86.40396970647784
158.82495824638247,86.46381187200456
159.74005751616073,86.52365403753127
160.655156785939,86.58349620305799
161.57025605571727,86.64333836858471
162.48535532549553,86.70318053411143
163.4004545952738,86.76302269963814
164.31555386505207,86.82286486516486
165.23065313483033,86.88270703069158
166.1457524046086,86.9425491962183
167.06085167438687,87.00239136174501
167.97595094416513,87.06223352727173
168.8910502139434,87.12207569279845
169.80614948372167,87.18191785832516
170.72124875349994,87.24176002385188
171.6363480232782,87.3016021893786
172.55144729305647,87.36144435490532
173.46654656283474,87.42128652043203
174.381645832613,87.48112868595875
175.29674510239127,87.54097085148547
176.21184437216954,87.60081301701219
177.1269436419478,87.6606551825389
178.04204291172607,87.72049734806562
178.95714218150434,87.78033951359234
179.8722414512826,87.84018167911906
180.78734072106087,87.90002384464577
181.70243999083914,87.95986601017249
182.6175392606174,88.01970817569921
183.53263853039567,88.07955034122593
184.44773780017394,88.13939250675264
185.3628370699522,88.19923467227936
186.27793633973047,88.25907683780608
187.19303560950874,88.3189190033328
188.108134879287,88.37876116885951
189.02323414906527,88.43860333438623
189.93833341884354,88.49844549991295
190.8534326886218,88.55828766543966
191.76853195840008,88.61812983096638
192.68363122817834,88.6779719964931
193.5987304979566,88.73781416201982
194.51382976773488,88.79765632754653
195.42892903751314,88.85749849307325
196.3440283072914,88.91734065859997
197.25912757706968,88.97718282412669
198.17422684684794,89.0370249896534
199.0893261166262,89.09686715518012
200.00442538640448,89.15670932070684
200.91952465618274,89.21655148623356
201.834623925961,89.27639365176027
202.74972319573928,89.33623581728699
203.66482246551755,89.39607798281371
204.5799217352958,89.45592014834043
205.49502100507408,89.51576231386714
206.41012027485235,89.57560447939386
207.3252195446306,89.63544664492058
208.24031881440888,89.6952888104473
209.15541808418715,89.75513097597401
210.0705173539654,89.81497314150073
210.98561662374368,89.87481530702745
211.90071589352195,89.93465747255416
212.81581516330021,89.99449963808088
213.73091443307848,90.0543418036076
214.64601370285675,90.11418396913432
215.56111297263502,90.17402613466103
216.47621224241328,90.23386830018775
217.39131151219155,90.29371046571447
218.30641078196982,90.35355263124119
219.22151005174808,90.4133947967679
220.13660932152635,90.47323696229462
221.05170859130462,90.53307912782134
221.96680786108288,90.59292129334806
222.88190713086115,90.65276345887477
223.79700640063942,90.71260562440149
224.71210567041769,90.77244778992821
225.62720494019595,90.83228995545493
226.54230420997422,90.89213212098164
227.4574034797525,90.95197428650836
228.37250274953075,91.01181645203508
229.28760201930902,91.0716586175618
230.2027012890873,91.13150078308851
231.11780055886555,91.19134294861523
232.03289982864382,91.25118511414195
232.9479990984221,91.31102727966866
233.86309836820035,91.37086944519538
234.77819763797862,91.4307116107221
235.6932969077569,91.49055377624882
236.60839617753516,91.55039594177553
237.52349544731342,91.61023810730225
238.4385947170917,91.67008027282897
239.35369398686996,91.72992243835569
240.26879325664822,91.7897646038824
241.1838925264265,91.84960676940912
242.09899179620476,91.90944893493584
243.01409106598302,91.96929110046256
243.9291903357613,92.02913326598927
244.84428960553956,92.08897543151599
245.75938887531782,92.14881759704271
246.6744881450961,92.20865976256943
247.58958741487436,92.26850192809614
248.50468668465263,92.32834409362286
249.4197859544309,92.38818625914958
250.33488522420916,92.4480284246763
251.24998449398743,92.50787059020301
252.1650837637657,92.56771275572973
253.08018303354396,92.62755492125645
253.99528230332223,92.68739708678316
254.9103815731005,92.74723925230988
255.82548084287876,92.8070814178366
256.740580112657,92.86692358336332
257.6333334559978,92.919375490803
258.503740872901,92.96443714015568
259.3518023633667,93.00210853142133
260.1775179273949,93.03238966459996
260.98088756498555,93.05528053969157
261.7619112761387,93.07078115669616
262.52058906085426,93.07889151561372
263.2569209191323,93.07961161644427
263.9709068509729,93.07294145918779
264.6625468563759,93.05888104384428
265.3318409353414,93.03743037041376
265.97878908786936,93.00858943889621
266.60339131395983,92.97235824929164
267.20564761361277,92.92873680160005
267.78555798682817,92.87772509582145
268.343122433606,92.81932313195581
268.87834095394635,92.75353091000316
269.3912135478492,92.68034842996349
269.8817402153145,92.5997756918368
270.34992095634226,92.51181269562308
270.7957557709325,92.41645944132233
271.2192446590852,92.31371592893457
271.6203876208004,92.20358215845978
271.99918465607806,92.08605812989798
272.3556357649182,91.96114384324915
272.6897409473208,91.8288392985133
273.0015002032859,91.68914449569043
273.2909135328135,91.54205943478054
273.5579809359035,91.38758411578362
273.802702412556,91.2257185386997
274.025077962771,91.05646270352874
274.22510758654846,90.87981661027075
274.4027912838884,90.69578025892575
274.5581290547908,90.50435364949372
274.6911208992557,90.30553678197468
274.80176681728307,90.09932965636861
274.8900668088729,89.88573227267553
274.9560208740252,89.66474463089541
274.99962901274,89.43636673102829
275.02089122501724,89.20059857307413
275.019807510857,88.95744015703295
274.9963778702592,88.70689148290475
274.9506023032239,88.44895255068953
274.88248080975103,88.18362336038729
274.7920133898407,87.91090391199802
274.6792000434928,87.63079420552174
274.5440407707074,87.34329424095843
274.38653557148444,87.0484040183081
274.20668444582395,86.74612353757075
274.004487393726,86.43645279874639
273.77994441519047,86.119391801835
273.5330555102174,85.79494054683657
273.26382067880684,85.46309903375113
272.97223992095877,85.12386726257867
272.65831323667317,84.77724523331919
272.32204062595,84.42323294597269
271.96342208878934,84.06183040053916
271.5824576251911,83.69303759701862
271.1791472351554,83.31685453541105
270.7534909186822,82.93328121571646
270.3054886757714,82.54231763793486
269.8351405064231,82.14396380206622
269.3424464106373,81.73821970811056
268.827406388414,81.32508535606789
268.2900204397531,80.90456074593818
267.7302885646547,80.47664587772147
267.14821076311875,80.04134075141772
266.54378703514533,79.59864536702696
265.91701738073436,79.14855972454917
265.26790179988586,78.69108382398437
264.5964402925998,78.22621766533254
263.9026328588763,77.7539612485937
263.18647949871524,77.27431457376782
262.44798021211665,76.78727764085492
261.6871349990805,76.29285044985501
260.9262897860444,75.7984232588551
260.16544457300824,75.30399606785518
259.4045993599721,74.80956887685527
258.643754146936,74.31514168585535
257.88290893389984,73.82071449485544
257.1220637208637,73.32628730385552
256.3612185078276,72.83186011285561
255.60037329479144,72.3374329218557
254.8395280817553,71.84300573085578
254.07868286871917,71.34857853985586
253.31783765568304,70.85415134885595
252.5569924426469,70.35972415785604
251.79614722961077,69.86529696685612
251.03530201657463,69.3708697758562
250.2744568035385,68.87644258485629
249.51361159050236,68.38201539385638
248.75276637746623,67.88758820285646
247.9919211644301,67.39316101185655
247.23107595139396,66.89873382085663
246.47023073835783,66.40430662985672
245.7093855253217,65.9098794388568
244.94854031228556,65.41545224785689
244.18769509924942,64.92102505685698
243.4268498862133,64.42659786585706
242.66600467317716,63.93217067485715
241.90515946014102,63.43774348385723
241.1443142471049,62.94331629285732
240.38346903406875,62.448889101857404
239.62262382103262,61.95446191085749
238.86177860799648,61.460034719857575
238.10093339496035,60.96560752885766
237.34008818192422,60.471180337857746
236.57924296888808,59.97675314685783
235.81839775585195,59.48232595585792
235.0575525428158,58.987898764858
234.29670732977968,58.49347157385809
233.53586211674354,57.99904438285817
232.7750169037074,57.50461719185826
232.01417169067128,57.010190000858344
231.25332647763514,56.51576280985843
230.492481264599,56.021335618858515
229.73163605156287,55.5269084278586
228.97079083852674,55.032481236858686
228.2099456254906,54.53805404585877
227.44910041245447,54.04362685485886
226.68825519941834,53.54919966385894
225.9274099863822,53.05477247285903
225.16656477334607,52.560345281859114
224.40571956030993,52.0659180908592
223.6448743472738,51.571490899859285
222.88402913423766,51.07706370885937
222.12318392120153,50.582636517859456
221.3623387081654,50.08820932685954
220.60149349512926,49.59378213585963
219.84064828209313,49.09935494485971
219.079803069057,48.6049277538598
218.31895785602086,48.11050056285988
217.55811264298472,47.61607337185997
216.7972674299486,47.121646180860054
216.03642221691246,46.62721898986014
215.27557700387632,46.132791798860225
214.5147317908402,45.63836460786031
213.75388657780405,45.143937416860396
212.99304136476792,44.64951022586048
212.23219615173178,44.15508303486057
211.47135093869565,43.66065584386065
210.71050572565952,43.16622865286074
209.94966051262338,42.671801461860824
209.18881529958725,42.17737427086091
208.4279700865511,41.682947079860995
207.66712487351498,41.18851988886108
206.90627966047884,40.694092697861166
206.1454344474427,40.19966550686125
205.38458923440658,39.70523831586134
204.62374402137044,39.21081112486142
203.8628988083343,38.71638393386151
203.10205359529817,38.22195674286159
202.34120838226204,37.72752955186168
201.5803631692259,37.233102360861764
200.81951795618977,36.73867516986185
200.05867274315364,36.244247978861935
199.2978275301175,35.74982078786202
198.53698231708137,35.255393596862106
197.77613710404523,34.76096640586219
197.0152918910091,34.26653921486228
196.25444667797296,33.77211202386236
195.49360146493683,33.27768483286245
194.7327562519007,32.783257641862534
193.97191103886456,32.28883045086262
193.21106582582843,31.794403259862705
192.4502206127923,31.29997606886279
191.68937539975616,30.805548877862876
190.92853018672002,30.31112168686296
190.1676849736839,29.816694495863047
189.40683976064776,29.322267304863132
188.64599454761162,28.827840113863218
187.8851493345755,28.333412922863303
187.12430412153935,27.83898573186339
186.36345890850322,27.344558540863474
185.60261369546708,26.85013134986356
184.84176848243095,26.355704158863645
184.08092326939482,25.86127696786373
183.32007805635868,25.366849776863816
182.55923284332255,24.8724225858639
181.7983876302864,24.377995394863987
181.03754241725028,23.883568203864073
180.27669720421414,23.389141012864158
179.515851991178,22.894713821864244
178.75500677814188,22.40028663086433
177.99416156510574,21.905859439864415
177.2333163520696,21.4114322488645
176.47247113903347,20.917005057864586
175.71162592599734,20.42257786686467
174.9507807129612,19.928150675864757
174.18993549992507,19.433723484864842
173.42909028688894,18.939296293864928
172.6682450738528,18.444869102865013
171.90739986081667,17.9504419118651
171.14655464778053,17.456014720865184
170.3857094347444,16.96158752986527
169.62486422170826,16.467160338865355
168.86401900867213,15.97273314786544
168.103173795636,15.478305956865526
167.34232858259986,14.983878765865612
166.58148336956373,14.489451574865697
165.8206381565276,13.995024383865783
165.05979294349146,13.500597192865868
164.29894773045532,13.006170001865954
163.5381025174192,12.51174281086604
162.77725730438306,12.017315619866125
162.01641209134692,11.52288842886621
161.2555668783108,11.028461237866296
160.49472166527465,10.534034046866381
159.73387645223852,10.039606855866467
158.97303123920238,9.545179664866552
158.21218602616625,9.050752473866638
157.45134081313012,8.556325282866723
156.69049560009398,8.061898091866809
155.92965038705785,7.567470900866893
155.1688051740217,7.073043709866978
154.40795996098558,6.5786165188670624
153.64711474794944,6.084189327867147
152.8862695349133,5.589762136867232
152.12542432187718,5.095334945867316
151.36457910884104,4.600907754867401
150.6037338958049,4.1064805638674855
149.84288868276877,3.61205337286757
149.08204346973264,3.1176261818676547
148.3211982566965,2.6231989908677393
147.56035304366037,2.128771799867824
146.79950783062424,1.6343446088679086
146.0386626175881,1.1399174178679932
145.27781740455197,0.6454902268680778
144.51697219151583,0.1510630358681624
143.7561269784797,-0.343364155131753
142.99528176544356,-0.8377913461316684
142.23443655240743,-1.3322185371315838
141.4735913393713,-1.8266457281314992
140.71274612633516,-2.3210729191314146
139.95190091329903,-2.81550011013133
139.1910557002629,-3.3099273011312453
138.43021048722676,-3.8043544921311607
137.66936527419062,-4.298781683131076
136.9085200611545,-4.7932088741309915
136.14767484811836,-5.287636065130907
135.38682963508222,-5.782063256130822
134.6259844220461,-6.276490447130738
133.86513920900995,-6.770917638130653
133.10429399597382,-7.2653448291305684
132.34344878293768,-7.759772020130484
131.58260356990155,-8.254199211130398
130.82175835686542,-8.748626402130313
130.06091314382928,-9.243053593130227
129.30006793079315,-9.737480784130142
128.539222717757,-10.231907975130056
127.7928543701778,-10.731038984856639
127.06096288805553,-11.234873813309889
126.34354827139016,-11.743412460489806
125.64061052018172,-12.25665492639639
124.9521496344302,-12.77460121102964
124.2781656141356,-13.297251314389559
123.61865845929792,-13.824605236476145
122.97362816991716,-14.356662977289398
122.34307474599332,-14.893424536829318
121.7269981875264,-15.434889915095905
121.1253984945164,-15.98105911208916
120.53827566696333,-16.531932127809082
119.96562970486717,-17.087508962255672
119.40746060822794,-17.647789615428927
118.86376837704562,-18.21277408732885
118.33455301132022,-18.78246237795544
117.81981451105175,-19.3568544873087
117.3195528762402,-19.935950415388625
116.83376810688556,-20.519750162195216
116.36246020298785,-21.108253727728474
115.90562916454705,-21.7014611119884
115.46327499156318,-22.299372314974995
115.03539768403623,-22.901987336688258
114.6219972419662,-23.509306177128185
114.22307366535308,-24.12132883629478
113.8386269541969,-24.738055314188042
113.46865710849762,-25.359485610807972
113.11316412825528,-25.98561972615457
112.77214801346985,-26.616457660227834
112.44560876414134,-27.251999413027765
112.13354638026975,-27.892244984554363
111.83596086185509,-28.53719437480763
111.55285220889733,-29.186847583787564
111.2842204213965,-29.841204611494163
111.03006549935259,-30.50026545792743
110.79038744276559,-31.164030123087365
110.56518625163552,-31.832498606973967
110.35446192596237,-32.50567090958724
110.15821446574614,-33.18354703092717
109.97644387098683,-33.866126970993776
109.80915014168444,-34.553410729787046
109.65633327783897,-35.245398307306985
109.51799327945042,-35.94208970355359
109.39413014651879,-36.643484918526866
109.28474387904409,-37.34958395222681
109.1898344770263,-38.06038680465342
109.10940194046543,-38.77589347580669
109.04344626936148,-39.49610396568663
108.99196746371446,-40.221018274293236
108.95496552352435,-40.95063640162651
108.93244044879117,-41.684958347686454
108.9243922395149,-42.423984112473065
108.93082089569556,-43.16771369598634
108.95172641733313,-43.91614709822629
108.98710880442763,-44.669284319192904
109.03696805697905,-45.42712535888619
109.10130417498739,-46.18967021730613
109.18011715845265,-46.95691889445274
109.27340700737483,-47.72887139032602
109.38117372175392,-48.50552770492597
109.50341730158995,-49.28688783825258
109.64013774688289,-50.072951790305865
109.79133505763275,-50.863719561085816
109.95700923383953,-51.659191150592434
110.13716027550323,-52.45936655882572
110.33178818262385,-53.264245785785675
110.5408929552014,-54.07382883147229
110.76447459323586,-54.888115695885574
111.00253309672725,-55.707106379025525
111.25506846567555,-56.530800880892144
111.52208070008078,-57.35919920148543
111.80356979994292,-58.192301340805386
112.09953576526199,-59.03010729885201
112.40997859603797,-59.8726170756253
112.73489829227088,-60.71983067112526
113.0598179885038,-61.56704426662522
113.3847376847367,-62.414257862125176
113.70965738096962,-63.261471457625134
114.03457707720253,-64.10868505312509
114.35949677343544,-64.95589864862504
114.68441646966835,-65.80311224412499
115.00933616590126,-66.65032583962494
115.33425586213417,-67.49753943512489
115.65917555836708,-68.34475303062484
115.98409525459999,-69.1919666261248
116.3090149508329,-70.03918022162475
116.63393464706581,-70.8863938171247
116.95885434329873,-71.73360741262465
117.28377403953164,-72.5808210081246
117.60869373576455,-73.42803460362455
117.93361343199746,-74.2752481991245
118.25853312823037,-75.12246179462446
118.58345282446328,-75.96967539012441
118.90837252069619,-76.81688898562436
119.2332922169291,-77.66410258112431
119.55821191316201,-78.51131617662426
119.88313160939492,-79.35852977212421
120.20805130562783,-80.20574336762417
120.53297100186074,-81.05295696312412
120.85789069809366,-81.90017055862407
121.18281039432657,-82.74738415412402
121.50773009055948,-83.59459774962397
121.83264978679239,-84.44181134512392
122.1575694830253,-85.28902494062388
122.48248917925821,-86.13623853612383
122.80740887549112,-86.98345213162378
123.13232857172403,-87.83066572712373
123.45724826795694,-88.67787932262368
123.78216796418985,-89.52509291812363
124.10708766042276,-90.37230651362358
124.43200735665567,-91.21952010912354
124.75692705288859,-92.06673370462349
125.0818467491215,-92.91394730012344
125.4067664453544,-93.76116089562339
125.73168614158732,-94.60837449112334
126.05660583782023,-95.4555880866233
126.38152553405314,-96.30280168212325
126.70644523028605,-97.1500152776232
127.03136492651896,-97.99722887312315
127.35628462275187,-98.8444424686231
127.68120431898478,-99.69165606412305
128.0061240152177,-100.538869659623
128.3310437114506,-101.38608325512295
128.65596340768352,-102.2332968506229
128.98088310391643,-103.08051044612286
129.30580280014934,-103.92772404162281
129.63072249638225,-104.77493763712276
129.95564219261516,-105.62215123262271
130.28056188884807,-106.46936482812266
130.60548158508098,-107.31657842362262
130.9304012813139,-108.16379201912257
131.2553209775468,-109.01100561462252
131.5802406737797,-109.85821921012247
131.90516037001262,-110.70543280562242
132.23008006624553,-111.55264640112237
132.55499976247845,-112.39985999662233
132.87991945871136,-113.24707359212228
133.20483915494427,-114.09428718762223
133.52975885117718,-114.94150078312218
133.8546785474101,-115.78871437862213
134.179598243643,-116.63592797412208
134.5045179398759,-117.48314156962203
134.82943763610882,-118.33035516512199
135.15435733234173,-119.17756876062194
135.47927702857464,-120.02478235612189
135.80419672480755,-120.87199595162184
136.12911642104046,-121.71920954712179
136.45403611727338,-122.56642314262174
136.7789558135063,-123.4136367381217
137.1038755097392,-124.26085033362165
137.4287952059721,-125.1080639291216
137.75371490220502,-125.95527752462155
138.07863459843793,-126.8024911201215
138.40355429467084,-127.64970471562145
138.72847399090375,-128.49691831112142
139.05339368713666,-129.34413190662139
139.37831338336957,-130.19134550212135
139.70323307960248,-131.03855909762132
140.0281527758354,-131.88577269312128
140.3530724720683,-132.73298628862125
140.67799216830122,-133.5801998841212
141.00291186453413,-134.42741347962118
141.32783156076704,-135.27462707512115
141.65275125699995,-136.1218406706211
141.97767095323286,-136.96905426612108
142.30259064946577,-137.81626786162104
142.62751034569868,-138.663481457121
142.9524300419316,-139.51069505262097
143.2773497381645,-140.35790864812094
143.6022694343974,-141.2051222436209
143.92718913063032,-142.05233583912087
144.25210882686324,-142.89954943462084
144.57702852309615,-143.7467630301208
144.90194821932906,-144.59397662562077
145.22686791556197,-145.44119022112073
145.55178761179488,-146.2884038166207
145.8767073080278,-147.13561741212067
146.2016270042607,-147.98283100762063
146.5265467004936,-148.8300446031206
146.85146639672652,-149.67725819862056
147.17638609295943,-150.52447179412053
147.50130578919234,-151.3716853896205
147.82622548542525,-152.21889898512046
148.15114518165817,-153.06611258062043
148.47606487789108,-153.9133261761204
148.800984574124,-154.76053977162036
149.1259042703569,-155.60775336712032
149.4508239665898,-156.4549669626203
149.77574366282272,-157.30218055812026
150.10066335905563,-158.14939415362022
150.42558305528854,-158.9966077491202
150.75050275152145,-159.84382134462015
151.07542244775436,-160.69103494012012
151.40034214398727,-161.53824853562008
151.72526184022018,-162.38546213112005
152.0501815364531,-163.23267572662002
152.375101232686,-164.07988932211998
152.70002092891892,-164.92710291761995
153.02494062515183,-165.7743165131199
153.34986032138474,-166.62153010861988
153.67478001761765,-167.46874370411985
153.99969971385056,-168.3159572996198
154.32461941008347,-169.16317089511978
154.64953910631638,-170.01038449061974
154.9744588025493,-170.8575980861197
155.2993784987822,-171.70481168161967
155.62429819501511,-172.55202527711964
155.94921789124803,-173.3992388726196
156.27413758748094,-174.24645246811957
156.59905728371385,-175.09366606361954
156.92397697994676,-175.9408796591195
157.24889667617967,-176.78809325461947
157.57381637241258,-177.63530685011943
157.8987360686455,-178.4825204456194
158.2236557648784,-179.32973404111937
158.5485754611113,-180.17694763661933
158.87349515734422,-181.0241612321193
159.19841485357713,-181.87137482761926
159.52333454981004,-182.71858842311923
159.84825424604296,-183.5658020186192
160.17317394227587,-184.41301561411916
160.49809363850878,-185.26022920961913
160.8230133347417,-186.1074428051191
161.1479330309746,-186.95465640061906
161.4728527272075,-187.80186999611902
161.79777242344042,-188.649083591619
162.12269211967333,-189.49629718711896
162.44761181590624,-190.34351078261892
162.77253151213915,-191.1907243781189
163.09745120837206,-192.03793797361885
163.42237090460497,-192.88515156911882
163.74729060083789,-193.73236516461878
164.0722102970708,-194.57957876011875
164.3971299933037,-195.42679235561872
164.72204968953662,-196.27400595111868
165.04696938576953,-197.12121954661865
165.37188908200244,-197.9684331421186
165.69680877823535,-198.81564673761858
166.02172847446826,-199.66286033311854
166.34664817070117,-200.5100739286185
166.67156786693408,-201.35728752411848
166.996487563167,-202.20450111961844
167.3214072593999,-203.0517147151184
167.64632695563282,-203.89892831061837
167.97124665186573,-204.74614190611834
168.29616634809864,-205.5933555016183
168.62108604433155,-206.44056909711827
168.94600574056446,-207.28778269261824
169.27092543679737,-208.1349962881182
169.59584513303028,-208.98220988361817
169.9053683736624,-209.80917325246048
170.1994951586938,-210.61588639464514
170.4782254881244,-211.40234931017216
170.74155936195422,-212.16856199904154
170.9894967801833,-212.91452446125328
171.22203774281158,-213.64023669680736
171.43918224983912,-214.3456987057038
171.64093030126588,-215.03091048794258
171.8272818970919,-215.69587204352374
171.99823703731712,-216.34058337244724
172.15379572194158,-216.9650444747131
172.29395795096528,-217.5692553503213
172.4187237243882,-218.15321599927185
172.52809304221037,-218.71692642156478
172.62206590443176,-219.26038661720006
172.70064231105238,-219.78359658617768
172.76382226207224,-220.28655632849765
172.81160575749132,-220.76926584416
172.84399279730965,-221.2317251331647
172.8609833815272,-221.67393419551175
172.86257751014398,-222.09589303120114
172.84877518316,-222.4976016402329
172.81957640057524,-222.879060022607
172.77498116238974,-223.24026817832348
172.71498946860345,-223.5812261073823
172.63960131921638,-223.90193380978346
172.54881671422856,-224.202391285527
172.44263565363997,-224.4825985346129
172.32105813745062,-224.74255555704113
172.1840841656605,-224.98226235281172
172.03171373826962,-225.20171892192465
171.86394685527796,-225.40092526437996
171.68078351668552,-225.57988138017762
171.48222372249234,-225.73858726931763
171.26826747269837,-225.8770429318
171.03891476730365,-225.9952483676247
170.79416560630816,-226.09320357679178
170.53401998971188,-226.1709085593012
170.25847791751485,-226.228363315153
169.96753938971705,-226.26556784434712
169.6612044063185,-226.28252214688362
169.33947296731915,-226.27922622276247
169.00234507271904,-226.25568007198368
168.64982072251817,-226.21188369454723
168.28189991671653,-226.14783709045312
167.89858265531413,-226.0635402597014
167.49986893831095,-225.95899320229202
167.08575876570703,-225.834195918225
166.65625213750232,-225.6891484075003
166.21134905369684,-225.52385067011798
165.7510495142906,-225.33830270607803
165.27535351928358,-225.13250451538042
164.78426106867582,-224.90645609802516
164.27777216246727,-224.66015745401225
163.75588680065795,-224.39360858334172
163.21860498324787,-224.10680948601353
162.66592671023702,-223.7997601620277
162.0978519816254,-223.4724606113842
161.51438079741303,-223.12491083408307
160.91551315759986,-222.7571108301243
160.30124906218595,-222.3690605995079
159.67158851117125,-221.96076014223382
159.0265315045558,-221.5322094583021
158.36607804233958,-221.08340854771276
157.69022812452258,-220.61435741046577
156.99898175110482,-220.12505604656113
156.2923389220863,-219.61550445599883
155.570299637467,-219.08570263877888
154.83286389724694,-218.5356505949013
154.08003170142612,-217.9653483243661
153.31180305000453,-217.37479582717322
152.52817794298215,-216.7639931033227
151.72915638035903,-216.1329401528145
150.91473836213513,-215.4816369756487
150.08492388831047,-214.81008357182526
149.25510941448582,-214.1385301680018
148.42529494066116,-213.46697676417836
147.5954804668365,-212.7954233603549
146.76566599301185,-212.12386995653145
145.9358515191872,-211.452316552708
145.10603704536254,-210.78076314888455
144.2762225715379,-210.1092097450611
143.44640809771323,-209.43765634123764
142.61659362388858,-208.7661029374142
141.78677915006392,-208.09454953359074
140.95696467623927,-207.42299612976728
140.1271502024146,-206.75144272594383
139.29733572858996,-206.07988932212038
138.4675212547653,-205.40833591829693
137.63770678094065,-204.73678251447348
136.807892307116,-204.06522911065002
135.97807783329134,-203.39367570682657
135.14826335946668,-202.72212230300312
134.31844888564203,-202.05056889917967
133.48863441181737,-201.3790154953562
132.65881993799272,-200.70746209153276
131.82900546416806,-200.0359086877093
130.9991909903434,-199.36435528388586
130.16937651651875,-198.6928018800624
129.3395620426941,-198.02124847623895
128.50974756886944,-197.3496950724155
127.67993309504477,-196.67814166859205
126.8501186212201,-196.0065882647686
126.02030414739544,-195.33503486094514
125.19048967357077,-194.6634814571217
124.3606751997461,-193.99192805329824
123.53086072592143,-193.3203746494748
122.70104625209676,-192.64882124565133
121.87123177827209,-191.97726784182788
121.04141730444742,-191.30571443800443
120.21160283062275,-190.63416103418098
119.38178835679808,-189.96260763035752
118.55197388297341,-189.29105422653407
117.72215940914874,-188.61950082271062
116.89234493532408,-187.94794741888717
116.0625304614994,-187.27639401506372
115.23271598767474,-186.60484061124026
114.40290151385007,-185.9332872074168
113.5730870400254,-185.26173380359336
112.74327256620073,-184.5901803997699
111.91345809237606,-183.91862699594645
111.08364361855139,-183.247073592123
110.25382914472672,-182.57552018829955
109.42401467090205,-181.9039667844761
108.59420019707738,-181.23241338065264
107.76438572325272,-180.5608599768292
106.93457124942805,-179.88930657300574
106.10475677560338,-179.2177531691823
105.27494230177871,-178.54619976535884
104.44512782795404,-177.87464636153538
103.61531335412937,-177.20309295771193
102.7854988803047,-176.53153955388848
101.95568440648003,-175.85998615006503
101.12586993265536,-175.18843274624157
100.2960554588307,-174.51687934241812
99.46624098500602,-173.84532593859467
98.63642651118136,-173.17377253477122
97.80661203735669,-172.50221913094776
96.97679756353202,-171.8306657271243
96.14698308970735,-171.15911232330086
95.31716861588268,-170.4875589194774
94.48735414205801,-169.81600551565396
93.65753966823334,-169.1444521118305
92.82772519440867,-168.47289870800705
91.997910720584,-167.8013453041836
91.16809624675933,-167.12979190036015
90.33828177293466,-166.4582384965367
89.50846729911,-165.78668509271324
88.67865282528533,-165.1151316888898
87.84883835146066,-164.44357828506634
87.01902387763599,-163.77202488124288
86.18920940381132,-163.10047147741943
85.35939492998665,-162.42891807359598
84.52958045616198,-161.75736466977253
83.69976598233731,-161.08581126594908
82.86995150851264,-160.41425786212562
82.04013703468797,-159.74270445830217
81.2103225608633,-159.07115105447872
80.38050808703863,-158.39959765065527
79.55069361321397,-157.72804424683181
78.7208791393893,-157.05649084300836
77.89106466556463,-156.3849374391849
77.06125019173996,-155.71338403536146
76.23143571791529,-155.041830631538
75.40162124409062,-154.37027722771455
74.57180677026595,-153.6987238238911
73.74199229644128,-153.02717042006765
72.91217782261661,-152.3556170162442
72.08236334879194,-151.68406361242074
71.25254887496727,-151.0125102085973
70.4227344011426,-150.34095680477384
69.59291992731794,-149.6694034009504
68.76310545349327,-148.99784999712693
67.9332909796686,-148.32629659330348
67.10347650584393,-147.65474318948003
66.27366203201926,-146.98318978565658
65.44384755819459,-146.31163638183313
64.61403308436992,-145.64008297800967
63.78421861054525,-144.96852957418622
62.95440413672058,-144.29697617036277
62.124589662895914,-143.62542276653932
61.294775189071245,-142.95386936271586
60.464960715246576,-142.2823159588924
59.63514624142191,-141.61076255506896
58.80533176759724,-140.9392091512455
57.97551729377257,-140.26765574742205
57.1457028199479,-139.5961023435986
56.31588834612323,-138.92454893977515
55.48607387229856,-138.2529955359517
54.65625939847389,-137.58144213212825
53.82644492464922,-136.9098887283048
52.996630450824554,-136.23833532448134
52.166815976999885,-135.5667819206579
51.337001503175216,-134.89522851683444
50.50718702935055,-134.22367511301098
49.67737255552588,-133.55212170918753
48.84755808170121,-132.88056830536408
48.01774360787654,-132.20901490154063
47.18792913405187,-131.53746149771717
46.3581146602272,-130.86590809389372
45.52830018640253,-130.19435469007027
44.69848571257786,-129.52280128624682
43.868671238753194,-128.85124788242337
43.038856764928525,-128.1796944785999
42.209042291103856,-127.50814107477646
41.37922781727919,-126.83658767095301
40.54941334345452,-126.16503426712956
39.71959886962985,-125.4934808633061
38.88978439580518,-124.82192745948265
38.05996992198051,-124.1503740556592
37.23015544815584,-123.47882065183575
36.40034097433117,-122.8072672480123
35.58159069349083,-122.14466788957316
34.773904605634826,-121.49102257651833
33.97728271076315,-120.84633130884782
33.1917250088758,-120.21059408656161
32.41723149997278,-119.58381090965972
31.653802184054086,-118.96598177814214
30.901437061119722,-118.35710669200887
30.160136131169686,-117.75718565125992
29.42989939420398,-117.16621865589528
28.710726850222603,-116.58420570591495
28.002618499225555,-116.01114680131894
27.305574341212836,-115.44704194210725
26.619594376184445,-114.89189112827985
25.944678604140382,-114.34569435983677
25.28082702508065,-113.808451636778
24.628039639005248,-113.28016295910355
23.986316445914174,-112.76082832681341
23.355657445807427,-112.25044773990759
22.73606263868501,-111.74902119838607
22.127532024546923,-111.25654870224888
21.530065603393165,-110.773030251496
20.943663375223736,-110.29846584612743
20.368325340038634,-109.83285548614316
19.80405149783786,-109.3761991715432
19.250841848621416,-108.92849690232757
18.708696392389303,-108.48974867849624
18.17761512914152,-108.05995450004923
17.65759805887806,-107.63911436698653
17.148645181598933,-107.22722827930815
16.650756497304133,-106.82429623701408
16.163932005993665,-106.43031824010433
15.688171707667523,-106.04529428857887
15.223475602325712,-105.66922438243773
14.769843689968228,-105.3021085216809
14.327275970595075,-104.9439467063084
13.89577244420625,-104.5947389363202
13.475333110801753,-104.25448521171631
13.065957970381586,-103.92318553249675
12.667647022945747,-103.60083989866149
12.280400268494237,-103.28744831021055
11.904217707027057,-102.98301076714392
11.539099338544204,-102.6875272694616
11.18504516304568,-102.40099781716359
10.842055180531487,-102.12342241024989
10.510129391001621,-101.8548010487205
10.189267794456086,-101.59513373257543
9.879470390894879,-101.34442046181468
9.580737180318,-101.10266123643824
9.29306816272545,-100.86985605644611
9.01646333811723,-100.6460049218383
8.750922706493338,-100.43110783261479
8.496446267853775,-100.22516478877559
8.253034022198541,-100.0281757903207
8.020685969527635,-99.84014083725013
7.7994021098410595,-99.66105992956388
7.589182443138812,-99.49093306726193
7.3900269694208935,-99.32976025034431
7.201935688687304,-99.177541478811
7.024908600938043,-99.034276752662
6.858945706173111,-98.89996607189731
6.704047004392509,-98.77460943651693
6.560212495596235,-98.65820684652086
6.42744217978429,-98.5507583019091
6.305736056956674,-98.45226380268166
6.195094127113387,-98.36272334883853
6.095516390254428,-98.28213694037971
6.007002846379798,-98.21050457730522
5.929553495489498,-98.14782625961503
5.863168337583526,-98.09410198730916
5.807847372661883,-98.0493317603876
5.763590600724569,-98.01351557885035
5.730398021771585,-97.9866534426974
5.708269635802928,-97.96874535192877
5.697205442818601,-97.95979130654446
5.6972054428186025,-97.95979130654446
